[{"model": "protopost.userprofile", "pk": 1, "fields": {"first_name": null, "last_name": null, "registered_time": "2022-01-03T18:07:39.953Z", "profile_picture": ""}}, {"model": "protopost.userprofile", "pk": 2, "fields": {"first_name": null, "last_name": null, "registered_time": "2022-01-04T01:25:15.404Z", "profile_picture": ""}}, {"model": "protopost.userprofile", "pk": 3, "fields": {"first_name": null, "last_name": null, "registered_time": "2022-01-04T01:26:08.156Z", "profile_picture": ""}}, {"model": "protopost.community", "pk": 1, "fields": {"name": "JohnCom", "description": "string", "community_image_url": "string", "moderator": 2, "is_private": false, "created_date": "2022-01-04T01:27:42.961Z", "joined_users": [2]}}, {"model": "protopost.community", "pk": 2, "fields": {"name": "JackCom", "description": "string", "community_image_url": "string", "moderator": 3, "is_private": false, "created_date": "2022-01-04T01:41:14.711Z", "joined_users": [3]}}, {"model": "protopost.posttemplate", "pk": 1, "fields": {"name": "JohnTemp", "description": "", "community": 1}}, {"model": "protopost.posttemplate", "pk": 2, "fields": {"name": "NumberTest", "description": "", "community": 1}}, {"model": "protopost.posttemplate", "pk": 3, "fields": {"name": "JackTemp", "description": "", "community": 2}}, {"model": "protopost.post", "pk": 1, "fields": {"poster": 2, "title": "JohnPost", "created_date": "2022-01-04T01:34:29.292Z", "post_template": 1, "community": 1}}, {"model": "protopost.post", "pk": 2, "fields": {"poster": 2, "title": "Below number", "created_date": "2022-01-04T01:38:03.304Z", "post_template": 2, "community": 1}}, {"model": "protopost.post", "pk": 3, "fields": {"poster": 2, "title": "Equal number", "created_date": "2022-01-04T01:38:17.823Z", "post_template": 2, "community": 1}}, {"model": "protopost.post", "pk": 4, "fields": {"poster": 2, "title": "Above number", "created_date": "2022-01-04T01:38:26.421Z", "post_template": 2, "community": 1}}, {"model": "protopost.post", "pk": 5, "fields": {"poster": 3, "title": "JackPost", "created_date": "2022-01-04T01:50:41.610Z", "post_template": 3, "community": 2}}, {"model": "protopost.datafield", "pk": 1, "fields": {"post": 1, "name": "JohnText", "type": "text", "content": {"value": "string"}, "image": ""}}, {"model": "protopost.datafield", "pk": 2, "fields": {"post": 2, "name": "num1", "type": "number", "content": {"value": 5}, "image": ""}}, {"model": "protopost.datafield", "pk": 3, "fields": {"post": 3, "name": "num1", "type": "number", "content": {"value": 6}, "image": ""}}, {"model": "protopost.datafield", "pk": 4, "fields": {"post": 4, "name": "num1", "type": "number", "content": {"value": 7}, "image": ""}}, {"model": "protopost.datafield", "pk": 5, "fields": {"post": 5, "name": "JackText", "type": "text", "content": {"value": "strAddd"}, "image": ""}}, {"model": "protopost.datafieldtemp", "pk": 1, "fields": {"name": "JohnText", "type": "text", "options": null, "post_template": 1}}, {"model": "protopost.datafieldtemp", "pk": 2, "fields": {"name": "num1", "type": "number", "options": null, "post_template": 2}}, {"model": "protopost.datafieldtemp", "pk": 3, "fields": {"name": "JackText", "type": "text", "options": null, "post_template": 3}}, {"model": "ActivityStream.activitystream", "pk": 1, "fields": {"context": "https://www.w3.org/ns/activitystreams", "actor": null, "summary": "New User registers", "date": "2022-01-04", "object": "Protopost", "type": "register", "success": true}}, {"model": "ActivityStream.activitystream", "pk": 2, "fields": {"context": "https://www.w3.org/ns/activitystreams", "actor": null, "summary": "User tried log in", "date": "2022-01-04", "object": "Protopost", "type": "log in", "success": false}}, {"model": "ActivityStream.activitystream", "pk": 3, "fields": {"context": "https://www.w3.org/ns/activitystreams", "actor": null, "summary": "User tried log in", "date": "2022-01-04", "object": "Protopost", "type": "log in", "success": true}}, {"model": "ActivityStream.activitystream", "pk": 4, "fields": {"context": "https://www.w3.org/ns/activitystreams", "actor": null, "summary": "New User registers", "date": "2022-01-04", "object": "Protopost", "type": "register", "success": true}}, {"model": "ActivityStream.activitystream", "pk": 5, "fields": {"context": "https://www.w3.org/ns/activitystreams", "actor": 2, "summary": "User tried log in", "date": "2022-01-04", "object": "Protopost", "type": "log in", "success": true}}, {"model": "ActivityStream.activitystream", "pk": 6, "fields": {"context": "https://www.w3.org/ns/activitystreams", "actor": 2, "summary": "User create Community", "date": "2022-01-04", "object": "Community", "type": "create", "success": true}}, {"model": "ActivityStream.activitystream", "pk": 7, "fields": {"context": "https://www.w3.org/ns/activitystreams", "actor": 2, "summary": "User create Post Template", "date": "2022-01-04", "object": "Template", "type": "create", "success": true}}, {"model": "ActivityStream.activitystream", "pk": 8, "fields": {"context": "https://www.w3.org/ns/activitystreams", "actor": 2, "summary": "User create Post", "date": "2022-01-04", "object": "Post", "type": "create", "success": true}}, {"model": "ActivityStream.activitystream", "pk": 9, "fields": {"context": "https://www.w3.org/ns/activitystreams", "actor": 2, "summary": "User create Post Template", "date": "2022-01-04", "object": "Template", "type": "create", "success": true}}, {"model": "ActivityStream.activitystream", "pk": 10, "fields": {"context": "https://www.w3.org/ns/activitystreams", "actor": 2, "summary": "User create Post", "date": "2022-01-04", "object": "Post", "type": "create", "success": true}}, {"model": "ActivityStream.activitystream", "pk": 11, "fields": {"context": "https://www.w3.org/ns/activitystreams", "actor": 2, "summary": "User create Post", "date": "2022-01-04", "object": "Post", "type": "create", "success": true}}, {"model": "ActivityStream.activitystream", "pk": 12, "fields": {"context": "https://www.w3.org/ns/activitystreams", "actor": 2, "summary": "User create Post", "date": "2022-01-04", "object": "Post", "type": "create", "success": true}}, {"model": "ActivityStream.activitystream", "pk": 13, "fields": {"context": "https://www.w3.org/ns/activitystreams", "actor": 2, "summary": "User tried log in", "date": "2022-01-04", "object": "Protopost", "type": "log in", "success": true}}, {"model": "ActivityStream.activitystream", "pk": 14, "fields": {"context": "https://www.w3.org/ns/activitystreams", "actor": 3, "summary": "User create Community", "date": "2022-01-04", "object": "Community", "type": "create", "success": true}}, {"model": "ActivityStream.activitystream", "pk": 15, "fields": {"context": "https://www.w3.org/ns/activitystreams", "actor": 3, "summary": "User create Post Template", "date": "2022-01-04", "object": "Template", "type": "create", "success": false}}, {"model": "ActivityStream.activitystream", "pk": 16, "fields": {"context": "https://www.w3.org/ns/activitystreams", "actor": 3, "summary": "User create Post Template", "date": "2022-01-04", "object": "Template", "type": "create", "success": true}}, {"model": "ActivityStream.activitystream", "pk": 17, "fields": {"context": "https://www.w3.org/ns/activitystreams", "actor": 3, "summary": "User create Post", "date": "2022-01-04", "object": "Post", "type": "create", "success": true}}, {"model": "ActivityStream.activitystream", "pk": 18, "fields": {"context": "https://www.w3.org/ns/activitystreams", "actor": 3, "summary": "User tried log in", "date": "2022-01-04", "object": "Protopost", "type": "log in", "success": true}}, {"model": "auth.permission", "pk": 1, "fields": {"name": "Can add community", "content_type": 1, "codename": "add_community"}}, {"model": "auth.permission", "pk": 2, "fields": {"name": "Can change community", "content_type": 1, "codename": "change_community"}}, {"model": "auth.permission", "pk": 3, "fields": {"name": "Can delete community", "content_type": 1, "codename": "delete_community"}}, {"model": "auth.permission", "pk": 4, "fields": {"name": "Can view community", "content_type": 1, "codename": "view_community"}}, {"model": "auth.permission", "pk": 5, "fields": {"name": "Can add post template", "content_type": 2, "codename": "add_posttemplate"}}, {"model": "auth.permission", "pk": 6, "fields": {"name": "Can change post template", "content_type": 2, "codename": "change_posttemplate"}}, {"model": "auth.permission", "pk": 7, "fields": {"name": "Can delete post template", "content_type": 2, "codename": "delete_posttemplate"}}, {"model": "auth.permission", "pk": 8, "fields": {"name": "Can view post template", "content_type": 2, "codename": "view_posttemplate"}}, {"model": "auth.permission", "pk": 9, "fields": {"name": "Can add post", "content_type": 3, "codename": "add_post"}}, {"model": "auth.permission", "pk": 10, "fields": {"name": "Can change post", "content_type": 3, "codename": "change_post"}}, {"model": "auth.permission", "pk": 11, "fields": {"name": "Can delete post", "content_type": 3, "codename": "delete_post"}}, {"model": "auth.permission", "pk": 12, "fields": {"name": "Can view post", "content_type": 3, "codename": "view_post"}}, {"model": "auth.permission", "pk": 13, "fields": {"name": "Can add data field temp", "content_type": 4, "codename": "add_datafieldtemp"}}, {"model": "auth.permission", "pk": 14, "fields": {"name": "Can change data field temp", "content_type": 4, "codename": "change_datafieldtemp"}}, {"model": "auth.permission", "pk": 15, "fields": {"name": "Can delete data field temp", "content_type": 4, "codename": "delete_datafieldtemp"}}, {"model": "auth.permission", "pk": 16, "fields": {"name": "Can view data field temp", "content_type": 4, "codename": "view_datafieldtemp"}}, {"model": "auth.permission", "pk": 17, "fields": {"name": "Can add data field", "content_type": 5, "codename": "add_datafield"}}, {"model": "auth.permission", "pk": 18, "fields": {"name": "Can change data field", "content_type": 5, "codename": "change_datafield"}}, {"model": "auth.permission", "pk": 19, "fields": {"name": "Can delete data field", "content_type": 5, "codename": "delete_datafield"}}, {"model": "auth.permission", "pk": 20, "fields": {"name": "Can view data field", "content_type": 5, "codename": "view_datafield"}}, {"model": "auth.permission", "pk": 21, "fields": {"name": "Can add comment", "content_type": 6, "codename": "add_comment"}}, {"model": "auth.permission", "pk": 22, "fields": {"name": "Can change comment", "content_type": 6, "codename": "change_comment"}}, {"model": "auth.permission", "pk": 23, "fields": {"name": "Can delete comment", "content_type": 6, "codename": "delete_comment"}}, {"model": "auth.permission", "pk": 24, "fields": {"name": "Can view comment", "content_type": 6, "codename": "view_comment"}}, {"model": "auth.permission", "pk": 25, "fields": {"name": "Can add user profile", "content_type": 7, "codename": "add_userprofile"}}, {"model": "auth.permission", "pk": 26, "fields": {"name": "Can change user profile", "content_type": 7, "codename": "change_userprofile"}}, {"model": "auth.permission", "pk": 27, "fields": {"name": "Can delete user profile", "content_type": 7, "codename": "delete_userprofile"}}, {"model": "auth.permission", "pk": 28, "fields": {"name": "Can view user profile", "content_type": 7, "codename": "view_userprofile"}}, {"model": "auth.permission", "pk": 29, "fields": {"name": "Can add log entry", "content_type": 8, "codename": "add_logentry"}}, {"model": "auth.permission", "pk": 30, "fields": {"name": "Can change log entry", "content_type": 8, "codename": "change_logentry"}}, {"model": "auth.permission", "pk": 31, "fields": {"name": "Can delete log entry", "content_type": 8, "codename": "delete_logentry"}}, {"model": "auth.permission", "pk": 32, "fields": {"name": "Can view log entry", "content_type": 8, "codename": "view_logentry"}}, {"model": "auth.permission", "pk": 33, "fields": {"name": "Can add permission", "content_type": 9, "codename": "add_permission"}}, {"model": "auth.permission", "pk": 34, "fields": {"name": "Can change permission", "content_type": 9, "codename": "change_permission"}}, {"model": "auth.permission", "pk": 35, "fields": {"name": "Can delete permission", "content_type": 9, "codename": "delete_permission"}}, {"model": "auth.permission", "pk": 36, "fields": {"name": "Can view permission", "content_type": 9, "codename": "view_permission"}}, {"model": "auth.permission", "pk": 37, "fields": {"name": "Can add group", "content_type": 10, "codename": "add_group"}}, {"model": "auth.permission", "pk": 38, "fields": {"name": "Can change group", "content_type": 10, "codename": "change_group"}}, {"model": "auth.permission", "pk": 39, "fields": {"name": "Can delete group", "content_type": 10, "codename": "delete_group"}}, {"model": "auth.permission", "pk": 40, "fields": {"name": "Can view group", "content_type": 10, "codename": "view_group"}}, {"model": "auth.permission", "pk": 41, "fields": {"name": "Can add user", "content_type": 11, "codename": "add_user"}}, {"model": "auth.permission", "pk": 42, "fields": {"name": "Can change user", "content_type": 11, "codename": "change_user"}}, {"model": "auth.permission", "pk": 43, "fields": {"name": "Can delete user", "content_type": 11, "codename": "delete_user"}}, {"model": "auth.permission", "pk": 44, "fields": {"name": "Can view user", "content_type": 11, "codename": "view_user"}}, {"model": "auth.permission", "pk": 45, "fields": {"name": "Can add content type", "content_type": 12, "codename": "add_contenttype"}}, {"model": "auth.permission", "pk": 46, "fields": {"name": "Can change content type", "content_type": 12, "codename": "change_contenttype"}}, {"model": "auth.permission", "pk": 47, "fields": {"name": "Can delete content type", "content_type": 12, "codename": "delete_contenttype"}}, {"model": "auth.permission", "pk": 48, "fields": {"name": "Can view content type", "content_type": 12, "codename": "view_contenttype"}}, {"model": "auth.permission", "pk": 49, "fields": {"name": "Can add session", "content_type": 13, "codename": "add_session"}}, {"model": "auth.permission", "pk": 50, "fields": {"name": "Can change session", "content_type": 13, "codename": "change_session"}}, {"model": "auth.permission", "pk": 51, "fields": {"name": "Can delete session", "content_type": 13, "codename": "delete_session"}}, {"model": "auth.permission", "pk": 52, "fields": {"name": "Can view session", "content_type": 13, "codename": "view_session"}}, {"model": "auth.permission", "pk": 53, "fields": {"name": "Can add Token", "content_type": 14, "codename": "add_token"}}, {"model": "auth.permission", "pk": 54, "fields": {"name": "Can change Token", "content_type": 14, "codename": "change_token"}}, {"model": "auth.permission", "pk": 55, "fields": {"name": "Can delete Token", "content_type": 14, "codename": "delete_token"}}, {"model": "auth.permission", "pk": 56, "fields": {"name": "Can view Token", "content_type": 14, "codename": "view_token"}}, {"model": "auth.permission", "pk": 57, "fields": {"name": "Can add token", "content_type": 15, "codename": "add_tokenproxy"}}, {"model": "auth.permission", "pk": 58, "fields": {"name": "Can change token", "content_type": 15, "codename": "change_tokenproxy"}}, {"model": "auth.permission", "pk": 59, "fields": {"name": "Can delete token", "content_type": 15, "codename": "delete_tokenproxy"}}, {"model": "auth.permission", "pk": 60, "fields": {"name": "Can view token", "content_type": 15, "codename": "view_tokenproxy"}}, {"model": "auth.permission", "pk": 61, "fields": {"name": "Can add activity stream", "content_type": 16, "codename": "add_activitystream"}}, {"model": "auth.permission", "pk": 62, "fields": {"name": "Can change activity stream", "content_type": 16, "codename": "change_activitystream"}}, {"model": "auth.permission", "pk": 63, "fields": {"name": "Can delete activity stream", "content_type": 16, "codename": "delete_activitystream"}}, {"model": "auth.permission", "pk": 64, "fields": {"name": "Can view activity stream", "content_type": 16, "codename": "view_activitystream"}}, {"model": "auth.user", "pk": 1, "fields": {"password": "pbkdf2_sha256$260000$1QWSdhOXfYtxsAosGpc6yp$H41jvHntMr//fcUxZp9/JfIutH4s8O0yYO/cmxJQhlY=", "last_login": null, "is_superuser": false, "username": "jon2", "first_name": "", "last_name": "", "email": "user@example.com", "is_staff": false, "is_active": true, "date_joined": "2022-01-03T18:07:39.731Z", "groups": [], "user_permissions": []}}, {"model": "auth.user", "pk": 2, "fields": {"password": "pbkdf2_sha256$260000$l1xfSmWRZNNigT4HQVYus3$qc66TA+veafM3GtWKz/oBoOhhSJjyfghgvo1UNWjBMI=", "last_login": null, "is_superuser": false, "username": "John", "first_name": "", "last_name": "", "email": "user@example.com", "is_staff": false, "is_active": true, "date_joined": "2022-01-04T01:25:15.206Z", "groups": [], "user_permissions": []}}, {"model": "auth.user", "pk": 3, "fields": {"password": "pbkdf2_sha256$260000$LIJjXkAGj37y8rSmvBlcTD$UliX9vu89naF1B5/R3+i6HRhtL/8tMDHmX919TFQ0iM=", "last_login": null, "is_superuser": false, "username": "Jack", "first_name": "", "last_name": "", "email": "user@example.com", "is_staff": false, "is_active": true, "date_joined": "2022-01-04T01:26:07.974Z", "groups": [], "user_permissions": []}}, {"model": "authtoken.token", "pk": "469b61aff203d4f466bf75adca0e1babd6eaadc8", "fields": {"user": 1, "created": "2022-01-03T18:07:39.939Z"}}, {"model": "authtoken.token", "pk": "7566f0a42d25c16301db0e7809102ef375e6f946", "fields": {"user": 3, "created": "2022-01-04T01:26:08.152Z"}}, {"model": "authtoken.token", "pk": "dff5ac12271eaffaa376a88baa308ca9a8bfb814", "fields": {"user": 2, "created": "2022-01-04T01:25:15.397Z"}}]
