[{"model": "protopost.userprofile", "pk": 1, "fields": {"first_name": null, "last_name": null, "registered_time": "2022-01-03T20:38:04.861Z", "profile_picture": ""}}, {"model": "protopost.userprofile", "pk": 2, "fields": {"first_name": null, "last_name": null, "registered_time": "2022-01-03T20:59:05.389Z", "profile_picture": ""}}, {"model": "protopost.userprofile", "pk": 3, "fields": {"first_name": null, "last_name": null, "registered_time": "2022-01-03T20:59:17.469Z", "profile_picture": ""}}, {"model": "protopost.userprofile", "pk": 4, "fields": {"first_name": null, "last_name": null, "registered_time": "2022-01-03T21:44:16.988Z", "profile_picture": ""}}, {"model": "protopost.userprofile", "pk": 5, "fields": {"first_name": null, "last_name": null, "registered_time": "2022-01-03T22:04:27.098Z", "profile_picture": ""}}, {"model": "protopost.userprofile", "pk": 6, "fields": {"first_name": null, "last_name": null, "registered_time": "2022-01-04T09:04:19.941Z", "profile_picture": ""}}, {"model": "protopost.userprofile", "pk": 7, "fields": {"first_name": null, "last_name": null, "registered_time": "2022-01-04T10:28:16.053Z", "profile_picture": ""}}, {"model": "protopost.userprofile", "pk": 8, "fields": {"first_name": null, "last_name": null, "registered_time": "2022-01-04T11:58:02.862Z", "profile_picture": ""}}, {"model": "protopost.userprofile", "pk": 9, "fields": {"first_name": null, "last_name": null, "registered_time": "2022-01-07T14:52:42.482Z", "profile_picture": ""}}, {"model": "protopost.community", "pk": 1, "fields": {"name": "Formula 1 Lovers", "description": "Community for sharing Formula 1 related content, including race cars, circuits and events.", "community_image_url": "https://i.eurosport.com/2021/09/30/3229181-66100888-2560-1440.jpg", "moderator": 1, "is_private": false, "created_date": "2022-01-03T20:38:32.913Z", "joined_users": [1, 2, 3, 4, 5]}}, {"model": "protopost.community", "pk": 2, "fields": {"name": "Music", "description": "Everything related to music.", "community_image_url": "https://img.freepik.com/free-vector/musical-notes-frame-with-text-space_1017-32857.jpg?size=626&ext=jpg", "moderator": 6, "is_private": false, "created_date": "2022-01-04T09:57:48.251Z", "joined_users": [1, 6]}}, {"model": "protopost.community", "pk": 3, "fields": {"name": "Binge Watchers", "description": "This is a community for TV show lovers to talk about shows or to arrange events to binge watch series together.", "community_image_url": "https://www.514blog.ca/wp-content/uploads/2020/03/1_dBJMknulIZSAC36tTmanVA.jpeg", "moderator": 2, "is_private": false, "created_date": "2022-01-04T10:19:49.713Z", "joined_users": [1, 2, 3, 4, 6, 7]}}, {"model": "protopost.community", "pk": 4, "fields": {"name": "Battlefield", "description": "Your Battlefield source on Protopost", "community_image_url": "https://cdn.akamai.steamstatic.com/steam/apps/1238810/capsule_616x353.jpg?t=1629830833", "moderator": 1, "is_private": false, "created_date": "2022-01-04T10:20:11.166Z", "joined_users": [1]}}, {"model": "protopost.community", "pk": 5, "fields": {"name": "Call of Duty", "description": "Call of Duty is a first-person shooter video game series developed by Treyarch, Infinity Ward, Sledgehammer Games, and Raven Software and published by Activision.", "community_image_url": "https://cdn.akamai.steamstatic.com/steam/apps/393080/capsule_616x353.jpg?t=1501610448", "moderator": 1, "is_private": false, "created_date": "2022-01-04T10:30:22.328Z", "joined_users": [1, 2]}}, {"model": "protopost.community", "pk": 6, "fields": {"name": "Car Studio Lovers", "description": "It is a group created for those who love the Car Studio application to meet, share and comment on the pictures. Does not contain any commercial purpose.", "community_image_url": "https://play-lh.googleusercontent.com/zagKBQaltHojeYqijJ48fhGQkmzGAXYriE-tsL-6wIsJOgNcb2I32uI6JsI25oAn_MiO=s360", "moderator": 7, "is_private": false, "created_date": "2022-01-04T10:32:23.202Z", "joined_users": [4, 7]}}, {"model": "protopost.community", "pk": 7, "fields": {"name": "Age Of Empires 2", "description": "Talk about the game here! Strategies, favorite units from the game, post your artwork, screenshots of a funny or badass moment in the game. Please read the rules and have fun!", "community_image_url": "https://cdn.game.tv/game-tv-content/images_3/68d1f28afead9557eb74ecdb1300ebd3/GameTile.jpg", "moderator": 1, "is_private": false, "created_date": "2022-01-04T10:33:26.590Z", "joined_users": [1]}}, {"model": "protopost.community", "pk": 8, "fields": {"name": "Alicibul", "description": "Alicibul is a third generation of ecommerce projects. People can sell and buy their desired cars easily", "community_image_url": "https://cdn.alicibul.com/alicibul.jpeg", "moderator": 4, "is_private": false, "created_date": "2022-01-04T10:33:43.363Z", "joined_users": [4, 6, 7]}}, {"model": "protopost.posttemplate", "pk": 1, "fields": {"name": "Car", "description": "", "community": 1}}, {"model": "protopost.posttemplate", "pk": 2, "fields": {"name": "deneme2", "description": "", "community": 1}}, {"model": "protopost.posttemplate", "pk": 3, "fields": {"name": "adasdad", "description": "", "community": 1}}, {"model": "protopost.posttemplate", "pk": 4, "fields": {"name": "Show", "description": "", "community": 1}}, {"model": "protopost.posttemplate", "pk": 5, "fields": {"name": "testing", "description": "", "community": 1}}, {"model": "protopost.posttemplate", "pk": 6, "fields": {"name": "Concert", "description": "", "community": 2}}, {"model": "protopost.posttemplate", "pk": 7, "fields": {"name": "Album", "description": "", "community": 2}}, {"model": "protopost.posttemplate", "pk": 8, "fields": {"name": "Live Performance", "description": "", "community": 2}}, {"model": "protopost.posttemplate", "pk": 9, "fields": {"name": "Single", "description": "", "community": 2}}, {"model": "protopost.posttemplate", "pk": 10, "fields": {"name": "Introducing TV Show", "description": "", "community": 3}}, {"model": "protopost.posttemplate", "pk": 11, "fields": {"name": "Binge Watching Event", "description": "", "community": 3}}, {"model": "protopost.posttemplate", "pk": 12, "fields": {"name": "Basic Studio Template", "description": "", "community": 6}}, {"model": "protopost.posttemplate", "pk": 13, "fields": {"name": "Event for Binge Watching TV Shows", "description": "", "community": 3}}, {"model": "protopost.posttemplate", "pk": 14, "fields": {"name": "Good Cars With Images", "description": "", "community": 8}}, {"model": "protopost.posttemplate", "pk": 15, "fields": {"name": "Basic Comparison Template", "description": "", "community": 6}}, {"model": "protopost.post", "pk": 1, "fields": {"poster": 1, "title": "Ferrari SF1000", "created_date": "2022-01-03T20:42:56.936Z", "post_template": 1, "community": 1}}, {"model": "protopost.post", "pk": 3, "fields": {"poster": 1, "title": "addadad", "created_date": "2022-01-04T00:09:41.920Z", "post_template": 3, "community": 1}}, {"model": "protopost.post", "pk": 15, "fields": {"poster": 5, "title": "fhhf", "created_date": "2022-01-04T06:28:13.715Z", "post_template": 1, "community": 1}}, {"model": "protopost.post", "pk": 16, "fields": {"poster": 5, "title": "fhhf", "created_date": "2022-01-04T06:28:15.437Z", "post_template": 1, "community": 1}}, {"model": "protopost.post", "pk": 17, "fields": {"poster": 5, "title": "fhhf", "created_date": "2022-01-04T06:28:17.117Z", "post_template": 1, "community": 1}}, {"model": "protopost.post", "pk": 19, "fields": {"poster": 1, "title": "Test", "created_date": "2022-01-04T08:40:25.397Z", "post_template": 5, "community": 1}}, {"model": "protopost.post", "pk": 22, "fields": {"poster": 6, "title": "Queen Album", "created_date": "2022-01-04T10:04:52.858Z", "post_template": 7, "community": 2}}, {"model": "protopost.post", "pk": 23, "fields": {"poster": 6, "title": "Metallica Blackened Single 2020", "created_date": "2022-01-04T10:19:12.012Z", "post_template": 9, "community": 2}}, {"model": "protopost.post", "pk": 24, "fields": {"poster": 1, "title": "ilk deneme", "created_date": "2022-01-04T10:20:04.889Z", "post_template": 3, "community": 1}}, {"model": "protopost.post", "pk": 25, "fields": {"poster": 1, "title": "No Woman No Cry, on Brussel", "created_date": "2022-01-04T10:26:37.313Z", "post_template": 8, "community": 2}}, {"model": "protopost.post", "pk": 26, "fields": {"poster": 2, "title": "The Witcher - Season 2 Release", "created_date": "2022-01-04T10:32:33.068Z", "post_template": 10, "community": 3}}, {"model": "protopost.post", "pk": 28, "fields": {"poster": 4, "title": "Good Cars which are shared in alicibul.com", "created_date": "2022-01-04T10:37:47.698Z", "post_template": 14, "community": 8}}, {"model": "protopost.post", "pk": 29, "fields": {"poster": 7, "title": "Toros in Car Studio", "created_date": "2022-01-04T10:38:47.221Z", "post_template": 15, "community": 6}}, {"model": "protopost.post", "pk": 30, "fields": {"poster": 4, "title": "Most popular cars which are shared in alicibul.com", "created_date": "2022-01-04T10:39:06.476Z", "post_template": 14, "community": 8}}, {"model": "protopost.post", "pk": 31, "fields": {"poster": 1, "title": "Fringe", "created_date": "2022-01-04T10:39:21.409Z", "post_template": 10, "community": 3}}, {"model": "protopost.post", "pk": 32, "fields": {"poster": 2, "title": "The Witcher - Season 2 Release", "created_date": "2022-01-04T10:39:29.084Z", "post_template": 13, "community": 3}}, {"model": "protopost.post", "pk": 33, "fields": {"poster": 4, "title": "Perfect CarStudio Pictures", "created_date": "2022-01-04T10:41:16.822Z", "post_template": 15, "community": 6}}, {"model": "protopost.post", "pk": 34, "fields": {"poster": 2, "title": "Game Of Thrones Watching Event", "created_date": "2022-01-04T10:47:41.671Z", "post_template": 13, "community": 3}}, {"model": "protopost.post", "pk": 35, "fields": {"poster": 1, "title": "Game Of Thrones", "created_date": "2022-01-04T10:50:29.175Z", "post_template": 4, "community": 1}}, {"model": "protopost.post", "pk": 40, "fields": {"poster": 4, "title": "Matrix Resurrections", "created_date": "2022-01-04T10:53:46.052Z", "post_template": 11, "community": 3}}, {"model": "protopost.post", "pk": 41, "fields": {"poster": 1, "title": "Game Of Thrones", "created_date": "2022-01-04T10:54:00.098Z", "post_template": 11, "community": 3}}, {"model": "protopost.post", "pk": 42, "fields": {"poster": 7, "title": "Loki", "created_date": "2022-01-04T10:54:31.136Z", "post_template": 10, "community": 3}}, {"model": "protopost.post", "pk": 45, "fields": {"poster": 2, "title": "Witcher watching event", "created_date": "2022-01-04T11:07:13.497Z", "post_template": 13, "community": 3}}, {"model": "protopost.datafield", "pk": 1, "fields": {"post": 1, "name": "Model Name", "type": "text", "content": {"value": "SF1000"}, "image": ""}}, {"model": "protopost.datafield", "pk": 2, "fields": {"post": 1, "name": "image1", "type": "image", "content": {"url": "https://f1tcdn.net/f1db/cars/images/2020/ferrari-sf1000.jpg"}, "image": ""}}, {"model": "protopost.datafield", "pk": 3, "fields": {"post": 1, "name": "image2", "type": "image", "content": {"url": "https://cdn-1.motorsport.com/images/mgl/0oO4Gd70/s8/ferrari-sf1000-rear-detail-1.jpg"}, "image": ""}}, {"model": "protopost.datafield", "pk": 4, "fields": {"post": 1, "name": "Production Date", "type": "date", "content": {"value": "2022-01-05"}, "image": ""}}, {"model": "protopost.datafield", "pk": 5, "fields": {"post": 1, "name": "Production Place", "type": "location", "content": {"adrs": "Ulus, Okul Yolu Sk. No:41, 34340 Beşiktaş/İstanbul, Türkiye", "marker": {"lat": 41.06280006423756, "lng": 29.02884510904091, "time": "2022-01-03T20:41:05.124Z"}}, "image": ""}}, {"model": "protopost.datafield", "pk": 6, "fields": {"post": 1, "name": "Team Name", "type": "selection", "content": {"value": {"Ferrari": true, "Mercedes": false, "Red Bull": false, "Williams": false, "Alfa Tauri": false}}, "image": ""}}, {"model": "protopost.datafield", "pk": 8, "fields": {"post": 3, "name": "addad", "type": "image", "content": {"url": "https://i4.hurimg.com/i/hurriyet/75/750x0/61b9f4a00f254411d0c2126a.jpg"}, "image": ""}}, {"model": "protopost.datafield", "pk": 71, "fields": {"post": 15, "name": "Model Name", "type": "text", "content": {"value": "ghvf"}, "image": ""}}, {"model": "protopost.datafield", "pk": 72, "fields": {"post": 15, "name": "image1", "type": "image", "content": {"url": "chh"}, "image": ""}}, {"model": "protopost.datafield", "pk": 73, "fields": {"post": 15, "name": "image2", "type": "image", "content": {"url": "ghhf"}, "image": ""}}, {"model": "protopost.datafield", "pk": 74, "fields": {"post": 15, "name": "Production Date", "type": "date", "content": {"value": "2022-01-01T00:00:00.000Z"}, "image": ""}}, {"model": "protopost.datafield", "pk": 75, "fields": {"post": 15, "name": "Team Name", "type": "selection", "content": {"value": {"Ferrari": false, "Mercedes": false, "Red Bull": false, "Williams": false, "Alfa Tauri": true}}, "image": ""}}, {"model": "protopost.datafield", "pk": 76, "fields": {"post": 15, "name": "Production Place", "type": "location", "content": {"adrs": "Akat, Melodi Sk. 2V, 34335 Beşiktaş/Istanbul, Turkey", "marker": {"lat": 41.09044720289646, "lng": 29.031517754245023}}, "image": ""}}, {"model": "protopost.datafield", "pk": 77, "fields": {"post": 16, "name": "Model Name", "type": "text", "content": {"value": "ghvf"}, "image": ""}}, {"model": "protopost.datafield", "pk": 78, "fields": {"post": 16, "name": "image1", "type": "image", "content": {"url": "chh"}, "image": ""}}, {"model": "protopost.datafield", "pk": 79, "fields": {"post": 16, "name": "image2", "type": "image", "content": {"url": "ghhf"}, "image": ""}}, {"model": "protopost.datafield", "pk": 80, "fields": {"post": 16, "name": "Production Date", "type": "date", "content": {"value": "2022-01-01T00:00:00.000Z"}, "image": ""}}, {"model": "protopost.datafield", "pk": 81, "fields": {"post": 16, "name": "Team Name", "type": "selection", "content": {"value": {"Ferrari": false, "Mercedes": false, "Red Bull": false, "Williams": false, "Alfa Tauri": true}}, "image": ""}}, {"model": "protopost.datafield", "pk": 82, "fields": {"post": 16, "name": "Production Place", "type": "location", "content": {"adrs": "Akat, Melodi Sk. 2V, 34335 Beşiktaş/Istanbul, Turkey", "marker": {"lat": 41.09044720289646, "lng": 29.031517754245023}}, "image": ""}}, {"model": "protopost.datafield", "pk": 83, "fields": {"post": 17, "name": "Model Name", "type": "text", "content": {"value": "ghvf"}, "image": ""}}, {"model": "protopost.datafield", "pk": 84, "fields": {"post": 17, "name": "image1", "type": "image", "content": {"url": "chh"}, "image": ""}}, {"model": "protopost.datafield", "pk": 85, "fields": {"post": 17, "name": "image2", "type": "image", "content": {"url": "ghhf"}, "image": ""}}, {"model": "protopost.datafield", "pk": 86, "fields": {"post": 17, "name": "Production Date", "type": "date", "content": {"value": "2022-01-01T00:00:00.000Z"}, "image": ""}}, {"model": "protopost.datafield", "pk": 87, "fields": {"post": 17, "name": "Team Name", "type": "selection", "content": {"value": {"Ferrari": false, "Mercedes": false, "Red Bull": false, "Williams": false, "Alfa Tauri": true}}, "image": ""}}, {"model": "protopost.datafield", "pk": 88, "fields": {"post": 17, "name": "Production Place", "type": "location", "content": {"adrs": "Akat, Melodi Sk. 2V, 34335 Beşiktaş/Istanbul, Turkey", "marker": {"lat": 41.09044720289646, "lng": 29.031517754245023}}, "image": ""}}, {"model": "protopost.datafield", "pk": 95, "fields": {"post": 19, "name": "text deneme", "type": "text", "content": {"value": "Text Deneme 1"}, "image": ""}}, {"model": "protopost.datafield", "pk": 96, "fields": {"post": 19, "name": "date deneme", "type": "date", "content": {"value": "2022-01-04"}, "image": ""}}, {"model": "protopost.datafield", "pk": 97, "fields": {"post": 19, "name": "number deneme", "type": "number", "content": {"value": 2022}, "image": ""}}, {"model": "protopost.datafield", "pk": 105, "fields": {"post": 22, "name": "Album Name", "type": "text", "content": {"value": "A Night at the Opera"}, "image": ""}}, {"model": "protopost.datafield", "pk": 106, "fields": {"post": 22, "name": "Band Name", "type": "text", "content": {"value": "Queen"}, "image": ""}}, {"model": "protopost.datafield", "pk": 107, "fields": {"post": 22, "name": "Album Price", "type": "number", "content": {"value": 99}, "image": ""}}, {"model": "protopost.datafield", "pk": 108, "fields": {"post": 22, "name": "Album Cover", "type": "image", "content": {"url": "https://upload.wikimedia.org/wikipedia/tr/f/fb/A_Night_at_the_Opera.png"}, "image": ""}}, {"model": "protopost.datafield", "pk": 109, "fields": {"post": 22, "name": "Release Date", "type": "date", "content": {"value": "1993-01-07T00:00:00.000Z"}, "image": ""}}, {"model": "protopost.datafield", "pk": 110, "fields": {"post": 23, "name": "Band Name", "type": "text", "content": {"value": "Metallica"}, "image": ""}}, {"model": "protopost.datafield", "pk": 111, "fields": {"post": 23, "name": "Name of the Single", "type": "text", "content": {"value": "Blackened"}, "image": ""}}, {"model": "protopost.datafield", "pk": 112, "fields": {"post": 23, "name": "Release Date", "type": "date", "content": {"value": "2020-05-02T00:00:00.000Z"}, "image": ""}}, {"model": "protopost.datafield", "pk": 113, "fields": {"post": 23, "name": "Video of the Single", "type": "video", "content": {"url": "https://www.youtube.com/watch?v=P_yeICLSDOQ"}, "image": ""}}, {"model": "protopost.datafield", "pk": 114, "fields": {"post": 24, "name": "addad", "type": "image", "content": {"url": "https://cdn.akamai.steamstatic.com/steam/apps/1238810/capsule_616x353.jpg?t=1629830833"}, "image": ""}}, {"model": "protopost.datafield", "pk": 115, "fields": {"post": 25, "name": "Location", "type": "location", "content": {"adrs": "Rue Léopold 25, 1000 Bruxelles, Belçika", "marker": {"lat": 50.84967456263277, "lng": 4.355124415626155, "time": "2022-01-04T10:25:40.318Z"}}, "image": ""}}, {"model": "protopost.datafield", "pk": 116, "fields": {"post": 25, "name": "Video of the Performance", "type": "video", "content": {"url": "https://www.youtube.com/watch?v=EvA2RNci3S"}, "image": ""}}, {"model": "protopost.datafield", "pk": 117, "fields": {"post": 25, "name": "Players Name", "type": "text", "content": {"value": "Lampa FALY"}, "image": ""}}, {"model": "protopost.datafield", "pk": 118, "fields": {"post": 26, "name": "Series Name", "type": "text", "content": {"value": "The Witcher"}, "image": ""}}, {"model": "protopost.datafield", "pk": 119, "fields": {"post": 26, "name": "Poster", "type": "image", "content": {"url": "https://tele1.com.tr/wp-content/uploads/2021/12/witcher2.jpg"}, "image": ""}}, {"model": "protopost.datafield", "pk": 120, "fields": {"post": 26, "name": "Release Date", "type": "date", "content": {"value": "2021-12-17"}, "image": ""}}, {"model": "protopost.datafield", "pk": 121, "fields": {"post": 26, "name": "Series Types", "type": "selection", "content": {"value": {"Drama": false, "Action": false, "Comedy": false, "Horror": false, "Documentary": false, "Romantic Comedy": false, "Science Fiction": false}}, "image": ""}}, {"model": "protopost.datafield", "pk": 122, "fields": {"post": 26, "name": "IMDB Rating", "type": "number", "content": {"value": 8}, "image": ""}}, {"model": "protopost.datafield", "pk": 127, "fields": {"post": 28, "name": "First Car", "type": "image", "content": {"url": "https://cdn.alicibul.com/fit-in/filters:format(webp)/400x400/findBuyer/963524783/otomobil-volkswagen-wolswagen-golf-963524783_0.JPEG"}, "image": ""}}, {"model": "protopost.datafield", "pk": 128, "fields": {"post": 28, "name": "Second Car", "type": "image", "content": {"url": "https://cdn.alicibul.com/fit-in/filters:format(webp)/400x400/findBuyer/850887520/otomobil-bmw-ful-paket-kazasiz-hatasiz-ev-ihtiyacindan-dolayi-fiyat-dusurdu-850887520_10.JPEG"}, "image": ""}}, {"model": "protopost.datafield", "pk": 129, "fields": {"post": 29, "name": "original", "type": "image", "content": {"url": "https://i.pinimg.com/originals/94/ca/51/94ca510eaa235dbf26b33549772f440b.jpg"}, "image": ""}}, {"model": "protopost.datafield", "pk": 130, "fields": {"post": 29, "name": "studio", "type": "image", "content": {"url": "https://carstudio.s3.eu-west-1.amazonaws.com/images/beforeStudio/b3dedad555aabab500fcf02d596f82a78e041af1e92818978591097e612aafb8.png"}, "image": ""}}, {"model": "protopost.datafield", "pk": 131, "fields": {"post": 29, "name": "comment", "type": "text", "content": {"value": "Awesome try"}, "image": ""}}, {"model": "protopost.datafield", "pk": 132, "fields": {"post": 30, "name": "First Car", "type": "image", "content": {"url": "https://cdn.alicibul.com/fit-in/filters:format(webp)/400x400/findBuyer/735540561/otomobil-honda-honda-civic-16-ies-otomatik-735540561_0.jpg"}, "image": ""}}, {"model": "protopost.datafield", "pk": 133, "fields": {"post": 30, "name": "Second Car", "type": "image", "content": {"url": "https://cdn.alicibul.com/fit-in/filters:format(webp)/400x400/findBuyer/839836465/otomobil-bmw-bmw-f30-2012-hasarsiz-boyasiz-839836465_8.jpg"}, "image": ""}}, {"model": "protopost.datafield", "pk": 134, "fields": {"post": 31, "name": "Series Name", "type": "text", "content": {"value": "Fringe "}, "image": ""}}, {"model": "protopost.datafield", "pk": 135, "fields": {"post": 31, "name": "Poster", "type": "image", "content": {"url": "https://i2.cnnturk.com/i/cnnturk/75/1200x0/601bcedd5cf3b01390c61fd5.jpg"}, "image": ""}}, {"model": "protopost.datafield", "pk": 136, "fields": {"post": 31, "name": "Release Date", "type": "date", "content": {"value": "2008-09-16"}, "image": ""}}, {"model": "protopost.datafield", "pk": 137, "fields": {"post": 31, "name": "Series Types", "type": "selection", "content": {"value": {"Drama": false, "Action": false, "Comedy": false, "Horror": false, "Documentary": false, "Romantic Comedy": false, "Science Fiction": true}}, "image": ""}}, {"model": "protopost.datafield", "pk": 138, "fields": {"post": 31, "name": "IMDB Rating", "type": "number", "content": {"value": 8}, "image": ""}}, {"model": "protopost.datafield", "pk": 139, "fields": {"post": 32, "name": "Series Name", "type": "text", "content": {"value": "The Witcher"}, "image": ""}}, {"model": "protopost.datafield", "pk": 140, "fields": {"post": 32, "name": "Poster", "type": "image", "content": {"url": "https://sm.ign.com/ign_tr/news/t/the-witche/the-witcher-season-2-ign-to-stream-henry-cavill-qa-with-an-e_2vg1.jpg"}, "image": ""}}, {"model": "protopost.datafield", "pk": 141, "fields": {"post": 32, "name": "Release Date", "type": "date", "content": {"value": "2022-01-11"}, "image": ""}}, {"model": "protopost.datafield", "pk": 142, "fields": {"post": 32, "name": "IMDB Rating", "type": "number", "content": {"value": 8}, "image": ""}}, {"model": "protopost.datafield", "pk": 143, "fields": {"post": 32, "name": "Place", "type": "location", "content": {"adrs": "Bebek, BÜ Güney Kampüsü No:20, 34342 Beşiktaş/İstanbul, Turkey", "marker": {"lat": 41.08354407868256, "lng": 29.0524064854931, "time": "2022-01-04T10:38:49.004Z"}}, "image": ""}}, {"model": "protopost.datafield", "pk": 144, "fields": {"post": 32, "name": "Trailer", "type": "video", "content": {"url": "https://www.youtube.com/watch?v=TJFVV2L8GKs"}, "image": ""}}, {"model": "protopost.datafield", "pk": 145, "fields": {"post": 33, "name": "original", "type": "image", "content": {"url": "https://cdn.alicibul.com/fit-in/filters:format(webp)/400x400/findBuyer/427489117/otomobil-tofas-1989-model-dogan-65000-km-427489117_0.JPEG"}, "image": ""}}, {"model": "protopost.datafield", "pk": 146, "fields": {"post": 33, "name": "studio", "type": "image", "content": {"url": "https://cdn.alicibul.com/fit-in/filters:format(webp)/400x400/findBuyer/707093131/otomobil-hyundai-2005-model-yapili-getz-15-active-gl-707093131_0.JPEG"}, "image": ""}}, {"model": "protopost.datafield", "pk": 147, "fields": {"post": 33, "name": "comment", "type": "text", "content": {"value": "CarStudio is working very well"}, "image": ""}}, {"model": "protopost.datafield", "pk": 148, "fields": {"post": 34, "name": "Series Name", "type": "text", "content": {"value": "Game Of Thrones"}, "image": ""}}, {"model": "protopost.datafield", "pk": 149, "fields": {"post": 34, "name": "Poster", "type": "image", "content": {"url": "https://www.cumhuriyet.com.tr/Archive/2021/1/22/1808007/kapak_114953.jpg"}, "image": ""}}, {"model": "protopost.datafield", "pk": 150, "fields": {"post": 34, "name": "Release Date", "type": "date", "content": {"value": "2021-12-30"}, "image": ""}}, {"model": "protopost.datafield", "pk": 151, "fields": {"post": 34, "name": "IMDB Rating", "type": "number", "content": {"value": 8}, "image": ""}}, {"model": "protopost.datafield", "pk": 152, "fields": {"post": 34, "name": "Place", "type": "location", "content": {"adrs": "33M2+CW Beşiktaş/İstanbul, Turkey", "marker": {"lat": 41.08357642620825, "lng": 29.052299197132506, "time": "2022-01-04T10:46:34.789Z"}}, "image": ""}}, {"model": "protopost.datafield", "pk": 153, "fields": {"post": 34, "name": "Trailer", "type": "video", "content": {"url": "https://www.youtube.com/watch?v=gcTkNV5Vg1E"}, "image": ""}}, {"model": "protopost.datafield", "pk": 154, "fields": {"post": 35, "name": "Series Name", "type": "text", "content": {"value": "Game Of Thrones"}, "image": ""}}, {"model": "protopost.datafield", "pk": 155, "fields": {"post": 35, "name": "Poster", "type": "image", "content": {"url": "https://dizi-mania.com/wp-content/uploads/2016/03/game-of-thrones-poster_85627-1920x1200.jpg"}, "image": ""}}, {"model": "protopost.datafield", "pk": 156, "fields": {"post": 35, "name": "Release Date", "type": "date", "content": {"value": "2022-01-05"}, "image": ""}}, {"model": "protopost.datafield", "pk": 157, "fields": {"post": 35, "name": "Series Types", "type": "selection", "content": {"value": {"Drama": false, "Action": false, "Comedy": false, "Horror": false, "Documentary": false, "Science Fiction": false, "Fantasy Romantic Comedy": true}}, "image": ""}}, {"model": "protopost.datafield", "pk": 158, "fields": {"post": 35, "name": "Imdb Rating", "type": "number", "content": {"value": 9}, "image": ""}}, {"model": "protopost.datafield", "pk": 159, "fields": {"post": 35, "name": "Place", "type": "location", "content": {"adrs": "Hamidiye, Ayazağa Cendere Cd. No:2, 34396 Kâğıthane/İstanbul, Türkiye", "marker": {"lat": 41.1041897310056, "lng": 28.98047413757325, "time": "2022-01-04T10:48:26.255Z"}}, "image": ""}}, {"model": "protopost.datafield", "pk": 160, "fields": {"post": 35, "name": "Trailer", "type": "video", "content": {"url": "https://www.youtube.com/watch?v=KPLWWIOCOOQ"}, "image": ""}}, {"model": "protopost.datafield", "pk": 183, "fields": {"post": 40, "name": "Series Name", "type": "text", "content": {"value": "Matrix Resurrections is the fourth film in The Matrix series. Scheduled to be released on December 22, 2021"}, "image": ""}}, {"model": "protopost.datafield", "pk": 184, "fields": {"post": 40, "name": "Poster", "type": "image", "content": {"url": "https://www.indyturk.com/sites/default/files/styles/1368x911/public/article/main_image/2021/08/25/739231-1164651873.jpg?itok=23uFy4ge"}, "image": ""}}, {"model": "protopost.datafield", "pk": 185, "fields": {"post": 40, "name": "Event Date", "type": "date", "content": {"value": "2022-01-26"}, "image": ""}}, {"model": "protopost.datafield", "pk": 186, "fields": {"post": 40, "name": "Series Types", "type": "selection", "content": {"value": {"Drama": false, "Action": true, "Comedy": false, "Horror": false, "Fantasy": false, "Documentary": false, "Romantic Comedy": false, "Science Fiction": false}}, "image": ""}}, {"model": "protopost.datafield", "pk": 187, "fields": {"post": 40, "name": "IMDB Rating", "type": "number", "content": {"value": 9}, "image": ""}}, {"model": "protopost.datafield", "pk": 188, "fields": {"post": 40, "name": "Trailer", "type": "video", "content": {"url": ""}, "image": ""}}, {"model": "protopost.datafield", "pk": 189, "fields": {"post": 41, "name": "Series Name", "type": "text", "content": {"value": "Game of Thrones"}, "image": ""}}, {"model": "protopost.datafield", "pk": 190, "fields": {"post": 41, "name": "Poster", "type": "image", "content": {"url": "https://dizi-mania.com/wp-content/uploads/2016/03/game-of-thrones-poster_85627-1920x1200.jpg"}, "image": ""}}, {"model": "protopost.datafield", "pk": 191, "fields": {"post": 41, "name": "Event Date", "type": "date", "content": {"value": "2011-09-14"}, "image": ""}}, {"model": "protopost.datafield", "pk": 192, "fields": {"post": 41, "name": "Series Types", "type": "selection", "content": {"value": {"Drama": false, "Action": false, "Comedy": false, "Horror": false, "Fantasy": false, "Documentary": false, "Romantic Comedy": false, "Science Fiction": false}}, "image": ""}}, {"model": "protopost.datafield", "pk": 193, "fields": {"post": 41, "name": "IMDB Rating", "type": "number", "content": {"value": 9}, "image": ""}}, {"model": "protopost.datafield", "pk": 194, "fields": {"post": 41, "name": "Trailer", "type": "video", "content": {"url": "https://www.youtube.com/watch?v=KPLWWIOCOOQ"}, "image": ""}}, {"model": "protopost.datafield", "pk": 195, "fields": {"post": 42, "name": "Series Name", "type": "text", "content": {"value": "Loki"}, "image": ""}}, {"model": "protopost.datafield", "pk": 196, "fields": {"post": 42, "name": "Poster", "type": "image", "content": {"url": "https://www.timeturk.com/resim/detay/168/1689024.jpg"}, "image": ""}}, {"model": "protopost.datafield", "pk": 197, "fields": {"post": 42, "name": "Release Date", "type": "date", "content": {"value": "2021-06-09"}, "image": ""}}, {"model": "protopost.datafield", "pk": 198, "fields": {"post": 42, "name": "Series Types", "type": "selection", "content": {"value": {"Drama": false, "Action": false, "Comedy": false, "Horror": false, "Documentary": false, "Romantic Comedy": false, "Science Fiction": false}}, "image": ""}}, {"model": "protopost.datafield", "pk": 199, "fields": {"post": 42, "name": "IMDB Rating", "type": "number", "content": {"value": 8}, "image": ""}}, {"model": "protopost.datafield", "pk": 212, "fields": {"post": 45, "name": "Series Name", "type": "text", "content": {"value": "The Witcher"}, "image": ""}}, {"model": "protopost.datafield", "pk": 213, "fields": {"post": 45, "name": "Poster", "type": "image", "content": {"url": "https://www.webtekno.com/images/editor/default/0002/66/89b3568726ade0c16f82406c7af121e9bf97b554.jpeg"}, "image": ""}}, {"model": "protopost.datafield", "pk": 214, "fields": {"post": 45, "name": "Release Date", "type": "date", "content": {"value": "2022-01-13"}, "image": ""}}, {"model": "protopost.datafield", "pk": 215, "fields": {"post": 45, "name": "IMDB Rating", "type": "number", "content": {"value": 8}, "image": ""}}, {"model": "protopost.datafield", "pk": 216, "fields": {"post": 45, "name": "Place", "type": "location", "content": {"adrs": "Levent, Çayırçimen Sokağı No:166, 34330 Beşiktaş/İstanbul, Turkey", "marker": {"lat": 41.07894973130319, "lng": 29.013387772217957, "time": "2022-01-04T11:06:24.064Z"}}, "image": ""}}, {"model": "protopost.datafield", "pk": 217, "fields": {"post": 45, "name": "Trailer", "type": "video", "content": {"url": "https://www.youtube.com/watch?v=ndl1W4ltcmg"}, "image": ""}}, {"model": "protopost.datafieldtemp", "pk": 1, "fields": {"name": "Model Name", "type": "text", "options": [], "post_template": 1}}, {"model": "protopost.datafieldtemp", "pk": 2, "fields": {"name": "image1", "type": "image", "options": [], "post_template": 1}}, {"model": "protopost.datafieldtemp", "pk": 3, "fields": {"name": "image2", "type": "image", "options": [], "post_template": 1}}, {"model": "protopost.datafieldtemp", "pk": 4, "fields": {"name": "Production Date", "type": "date", "options": [], "post_template": 1}}, {"model": "protopost.datafieldtemp", "pk": 5, "fields": {"name": "Production Place", "type": "location", "options": [], "post_template": 1}}, {"model": "protopost.datafieldtemp", "pk": 6, "fields": {"name": "Team Name", "type": "selection", "options": ["Ferrari", "Mercedes", "Red Bull", "Williams", "Alfa Tauri"], "post_template": 1}}, {"model": "protopost.datafieldtemp", "pk": 7, "fields": {"name": "Muhammed", "type": "text", "options": [], "post_template": 2}}, {"model": "protopost.datafieldtemp", "pk": 8, "fields": {"name": "addad", "type": "image", "options": [], "post_template": 3}}, {"model": "protopost.datafieldtemp", "pk": 9, "fields": {"name": "Series Name", "type": "text", "options": [], "post_template": 4}}, {"model": "protopost.datafieldtemp", "pk": 10, "fields": {"name": "Poster", "type": "image", "options": [], "post_template": 4}}, {"model": "protopost.datafieldtemp", "pk": 11, "fields": {"name": "Release Date", "type": "date", "options": [], "post_template": 4}}, {"model": "protopost.datafieldtemp", "pk": 12, "fields": {"name": "Series Types", "type": "selection", "options": ["Action", "Comedy", "Drama", "Documentary", "Fantasy Romantic Comedy", "Science Fiction", "Horror"], "post_template": 4}}, {"model": "protopost.datafieldtemp", "pk": 13, "fields": {"name": "Imdb Rating", "type": "number", "options": [], "post_template": 4}}, {"model": "protopost.datafieldtemp", "pk": 14, "fields": {"name": "Place", "type": "location", "options": [], "post_template": 4}}, {"model": "protopost.datafieldtemp", "pk": 15, "fields": {"name": "Trailer", "type": "video", "options": [], "post_template": 4}}, {"model": "protopost.datafieldtemp", "pk": 16, "fields": {"name": "text deneme", "type": "text", "options": [], "post_template": 5}}, {"model": "protopost.datafieldtemp", "pk": 17, "fields": {"name": "date deneme", "type": "date", "options": [], "post_template": 5}}, {"model": "protopost.datafieldtemp", "pk": 18, "fields": {"name": "number deneme", "type": "number", "options": [], "post_template": 5}}, {"model": "protopost.datafieldtemp", "pk": 19, "fields": {"name": "Band Name", "type": "text", "options": null, "post_template": 6}}, {"model": "protopost.datafieldtemp", "pk": 20, "fields": {"name": "Concert Date", "type": "date", "options": null, "post_template": 6}}, {"model": "protopost.datafieldtemp", "pk": 21, "fields": {"name": "Number of Tickets", "type": "number", "options": null, "post_template": 6}}, {"model": "protopost.datafieldtemp", "pk": 22, "fields": {"name": "Concert Location", "type": "location", "options": null, "post_template": 6}}, {"model": "protopost.datafieldtemp", "pk": 23, "fields": {"name": "Album Name", "type": "text", "options": null, "post_template": 7}}, {"model": "protopost.datafieldtemp", "pk": 24, "fields": {"name": "Band Name", "type": "text", "options": null, "post_template": 7}}, {"model": "protopost.datafieldtemp", "pk": 25, "fields": {"name": "Release Date", "type": "date", "options": null, "post_template": 7}}, {"model": "protopost.datafieldtemp", "pk": 26, "fields": {"name": "Album Price", "type": "number", "options": null, "post_template": 7}}, {"model": "protopost.datafieldtemp", "pk": 27, "fields": {"name": "Album Cover", "type": "image", "options": null, "post_template": 7}}, {"model": "protopost.datafieldtemp", "pk": 28, "fields": {"name": "Location", "type": "location", "options": null, "post_template": 8}}, {"model": "protopost.datafieldtemp", "pk": 29, "fields": {"name": "Video of the Performance", "type": "video", "options": null, "post_template": 8}}, {"model": "protopost.datafieldtemp", "pk": 30, "fields": {"name": "Players Name", "type": "text", "options": null, "post_template": 8}}, {"model": "protopost.datafieldtemp", "pk": 31, "fields": {"name": "Band Name", "type": "text", "options": null, "post_template": 9}}, {"model": "protopost.datafieldtemp", "pk": 32, "fields": {"name": "Video of the Single", "type": "video", "options": null, "post_template": 9}}, {"model": "protopost.datafieldtemp", "pk": 33, "fields": {"name": "Release Date", "type": "date", "options": null, "post_template": 9}}, {"model": "protopost.datafieldtemp", "pk": 34, "fields": {"name": "Name of the Single", "type": "text", "options": null, "post_template": 9}}, {"model": "protopost.datafieldtemp", "pk": 35, "fields": {"name": "Series Name", "type": "text", "options": [], "post_template": 10}}, {"model": "protopost.datafieldtemp", "pk": 36, "fields": {"name": "Poster", "type": "image", "options": [], "post_template": 10}}, {"model": "protopost.datafieldtemp", "pk": 37, "fields": {"name": "Release Date", "type": "date", "options": [], "post_template": 10}}, {"model": "protopost.datafieldtemp", "pk": 38, "fields": {"name": "Series Types", "type": "selection", "options": ["Action", "Comedy", "Drama", "Documentary", "Romantic Comedy", "Science Fiction", "Horror"], "post_template": 10}}, {"model": "protopost.datafieldtemp", "pk": 39, "fields": {"name": "IMDB Rating", "type": "number", "options": [], "post_template": 10}}, {"model": "protopost.datafieldtemp", "pk": 40, "fields": {"name": "Series Name", "type": "text", "options": [], "post_template": 11}}, {"model": "protopost.datafieldtemp", "pk": 41, "fields": {"name": "Poster", "type": "image", "options": [], "post_template": 11}}, {"model": "protopost.datafieldtemp", "pk": 42, "fields": {"name": "Event Date", "type": "date", "options": [], "post_template": 11}}, {"model": "protopost.datafieldtemp", "pk": 43, "fields": {"name": "Series Types", "type": "selection", "options": ["Action", "Comedy", "Drama", "Documentary", "Fantasy", "Romantic Comedy", "Science Fiction", "Horror"], "post_template": 11}}, {"model": "protopost.datafieldtemp", "pk": 44, "fields": {"name": "IMDB Rating", "type": "number", "options": [], "post_template": 11}}, {"model": "protopost.datafieldtemp", "pk": 45, "fields": {"name": "Trailer", "type": "video", "options": [], "post_template": 11}}, {"model": "protopost.datafieldtemp", "pk": 46, "fields": {"name": "car_img", "type": "image", "options": [], "post_template": 12}}, {"model": "protopost.datafieldtemp", "pk": 47, "fields": {"name": "comment", "type": "text", "options": [], "post_template": 12}}, {"model": "protopost.datafieldtemp", "pk": 48, "fields": {"name": "Series Name", "type": "text", "options": [], "post_template": 13}}, {"model": "protopost.datafieldtemp", "pk": 49, "fields": {"name": "Poster", "type": "image", "options": [], "post_template": 13}}, {"model": "protopost.datafieldtemp", "pk": 50, "fields": {"name": "Release Date", "type": "date", "options": [], "post_template": 13}}, {"model": "protopost.datafieldtemp", "pk": 51, "fields": {"name": "IMDB Rating", "type": "number", "options": [], "post_template": 13}}, {"model": "protopost.datafieldtemp", "pk": 52, "fields": {"name": "Place", "type": "location", "options": [], "post_template": 13}}, {"model": "protopost.datafieldtemp", "pk": 53, "fields": {"name": "Trailer", "type": "video", "options": [], "post_template": 13}}, {"model": "protopost.datafieldtemp", "pk": 54, "fields": {"name": "First Car", "type": "image", "options": [], "post_template": 14}}, {"model": "protopost.datafieldtemp", "pk": 55, "fields": {"name": "Second Car", "type": "image", "options": [], "post_template": 14}}, {"model": "protopost.datafieldtemp", "pk": 56, "fields": {"name": "original", "type": "image", "options": [], "post_template": 15}}, {"model": "protopost.datafieldtemp", "pk": 57, "fields": {"name": "studio", "type": "image", "options": [], "post_template": 15}}, {"model": "protopost.datafieldtemp", "pk": 58, "fields": {"name": "comment", "type": "text", "options": [], "post_template": 15}}, {"model": "protopost.comment", "pk": 1, "fields": {"commenter": 1, "post": 1, "replied_comment": null, "body": "ilk yorum", "created_date": "2022-01-03T20:54:27.386Z"}}, {"model": "protopost.comment", "pk": 2, "fields": {"commenter": 1, "post": 1, "replied_comment": null, "body": "ikinci yorum", "created_date": "2022-01-03T20:54:32.897Z"}}, {"model": "protopost.comment", "pk": 3, "fields": {"commenter": 1, "post": 1, "replied_comment": null, "body": "üçüncü yorum", "created_date": "2022-01-03T20:54:38.214Z"}}, {"model": "protopost.comment", "pk": 4, "fields": {"commenter": 1, "post": 1, "replied_comment": 1, "body": "alt yorum", "created_date": "2022-01-03T20:55:05.438Z"}}, {"model": "protopost.comment", "pk": 5, "fields": {"commenter": 1, "post": 1, "replied_comment": 1, "body": "asdasdasd", "created_date": "2022-01-03T22:37:11.320Z"}}, {"model": "protopost.comment", "pk": 6, "fields": {"commenter": 1, "post": 1, "replied_comment": null, "body": "ahahahahah", "created_date": "2022-01-03T22:39:35.678Z"}}, {"model": "protopost.comment", "pk": 7, "fields": {"commenter": 1, "post": 1, "replied_comment": null, "body": "yeni yorum", "created_date": "2022-01-03T22:46:34.975Z"}}, {"model": "protopost.comment", "pk": 8, "fields": {"commenter": 1, "post": 1, "replied_comment": null, "body": "son bir yorum daha", "created_date": "2022-01-03T22:47:37.898Z"}}, {"model": "protopost.comment", "pk": 9, "fields": {"commenter": 1, "post": 1, "replied_comment": null, "body": "zaaaaa", "created_date": "2022-01-03T22:47:44.361Z"}}, {"model": "protopost.comment", "pk": 10, "fields": {"commenter": 1, "post": 1, "replied_comment": 2, "body": "ahahahahah", "created_date": "2022-01-03T22:48:07.068Z"}}, {"model": "protopost.comment", "pk": 11, "fields": {"commenter": 1, "post": 1, "replied_comment": null, "body": "Berke display.", "created_date": "2022-01-03T23:17:48.535Z"}}, {"model": "protopost.comment", "pk": 12, "fields": {"commenter": 1, "post": 1, "replied_comment": 2, "body": "ikinci reply reply", "created_date": "2022-01-03T23:18:12.912Z"}}, {"model": "protopost.comment", "pk": 13, "fields": {"commenter": 1, "post": 3, "replied_comment": null, "body": "nice movie!", "created_date": "2022-01-04T01:07:37.354Z"}}, {"model": "protopost.comment", "pk": 14, "fields": {"commenter": 1, "post": 3, "replied_comment": 13, "body": "great movie", "created_date": "2022-01-04T01:07:44.991Z"}}, {"model": "protopost.comment", "pk": 15, "fields": {"commenter": 1, "post": 32, "replied_comment": null, "body": "This season has been great.", "created_date": "2022-01-04T10:40:50.654Z"}}, {"model": "protopost.comment", "pk": 16, "fields": {"commenter": 1, "post": 32, "replied_comment": 15, "body": "However, it was a little different from the book.", "created_date": "2022-01-04T10:41:34.613Z"}}, {"model": "protopost.comment", "pk": 17, "fields": {"commenter": 4, "post": 29, "replied_comment": null, "body": "CarStudio is working very well. Their engineers are very intelligent", "created_date": "2022-01-04T10:42:13.167Z"}}, {"model": "protopost.comment", "pk": 18, "fields": {"commenter": 4, "post": 28, "replied_comment": null, "body": "Everyone can share their cars in alicibul.com. I recommend it", "created_date": "2022-01-04T10:42:41.736Z"}}, {"model": "protopost.comment", "pk": 19, "fields": {"commenter": 4, "post": 33, "replied_comment": null, "body": "Playing the game with love and then watching the series is a great activity. The series is also very successful.", "created_date": "2022-01-04T10:43:07.177Z"}}, {"model": "protopost.comment", "pk": 20, "fields": {"commenter": 4, "post": 30, "replied_comment": null, "body": "This car is very good. I want to buy it", "created_date": "2022-01-04T10:43:39.897Z"}}, {"model": "protopost.comment", "pk": 21, "fields": {"commenter": 7, "post": 32, "replied_comment": null, "body": "Playing the game with love and then watching the series is a great activity. The series is also very successful.", "created_date": "2022-01-04T10:44:11.267Z"}}, {"model": "protopost.comment", "pk": 22, "fields": {"commenter": 4, "post": 32, "replied_comment": null, "body": "Series like this are very good. I enjoy watching this type of movies", "created_date": "2022-01-04T10:44:53.394Z"}}, {"model": "protopost.comment", "pk": 23, "fields": {"commenter": 2, "post": 32, "replied_comment": 15, "body": "I agree it was awesome!", "created_date": "2022-01-04T10:53:37.117Z"}}, {"model": "protopost.comment", "pk": 24, "fields": {"commenter": 2, "post": 32, "replied_comment": null, "body": "This is an amazing show! Can't wait for season 3!", "created_date": "2022-01-04T10:53:54.322Z"}}, {"model": "protopost.comment", "pk": 25, "fields": {"commenter": 2, "post": 32, "replied_comment": null, "body": "This show is awesome!", "created_date": "2022-01-04T11:08:28.523Z"}}, {"model": "protopost.comment", "pk": 26, "fields": {"commenter": 2, "post": 32, "replied_comment": 22, "body": "I agree with you!", "created_date": "2022-01-04T11:08:39.465Z"}}, {"model": "ActivityStream.activitystream", "pk": 1, "fields": {"context": "https://www.w3.org/ns/activitystreams", "actor": 5, "summary": "User tried log in", "date": "2022-01-03", "object": "Protopost", "type": "log in", "success": true}}, {"model": "ActivityStream.activitystream", "pk": 2, "fields": {"context": "https://www.w3.org/ns/activitystreams", "actor": 5, "summary": "User tried log in", "date": "2022-01-03", "object": "Protopost", "type": "log in", "success": true}}, {"model": "ActivityStream.activitystream", "pk": 3, "fields": {"context": "https://www.w3.org/ns/activitystreams", "actor": 5, "summary": "User tried log in", "date": "2022-01-03", "object": "Protopost", "type": "log in", "success": true}}, {"model": "ActivityStream.activitystream", "pk": 4, "fields": {"context": "https://www.w3.org/ns/activitystreams", "actor": null, "summary": "User tried log in", "date": "2022-01-03", "object": "Protopost", "type": "log in", "success": true}}, {"model": "ActivityStream.activitystream", "pk": 5, "fields": {"context": "https://www.w3.org/ns/activitystreams", "actor": null, "summary": "User tried log in", "date": "2022-01-03", "object": "Protopost", "type": "log in", "success": true}}, {"model": "ActivityStream.activitystream", "pk": 6, "fields": {"context": "https://www.w3.org/ns/activitystreams", "actor": 1, "summary": "User create Comment", "date": "2022-01-03", "object": "Comment", "type": "create", "success": true}}, {"model": "ActivityStream.activitystream", "pk": 7, "fields": {"context": "https://www.w3.org/ns/activitystreams", "actor": 1, "summary": "User create Comment", "date": "2022-01-03", "object": "Comment", "type": "create", "success": true}}, {"model": "ActivityStream.activitystream", "pk": 8, "fields": {"context": "https://www.w3.org/ns/activitystreams", "actor": null, "summary": "User tried log in", "date": "2022-01-03", "object": "Protopost", "type": "log in", "success": false}}, {"model": "ActivityStream.activitystream", "pk": 9, "fields": {"context": "https://www.w3.org/ns/activitystreams", "actor": null, "summary": "User tried log in", "date": "2022-01-03", "object": "Protopost", "type": "log in", "success": true}}, {"model": "ActivityStream.activitystream", "pk": 10, "fields": {"context": "https://www.w3.org/ns/activitystreams", "actor": null, "summary": "User tried log in", "date": "2022-01-03", "object": "Protopost", "type": "log in", "success": true}}, {"model": "ActivityStream.activitystream", "pk": 11, "fields": {"context": "https://www.w3.org/ns/activitystreams", "actor": null, "summary": "User tried log in", "date": "2022-01-03", "object": "Protopost", "type": "log in", "success": true}}, {"model": "ActivityStream.activitystream", "pk": 12, "fields": {"context": "https://www.w3.org/ns/activitystreams", "actor": 1, "summary": "User create Post Template", "date": "2022-01-03", "object": "Template", "type": "create", "success": true}}, {"model": "ActivityStream.activitystream", "pk": 13, "fields": {"context": "https://www.w3.org/ns/activitystreams", "actor": 1, "summary": "User create Post", "date": "2022-01-03", "object": "Post", "type": "create", "success": false}}, {"model": "ActivityStream.activitystream", "pk": 14, "fields": {"context": "https://www.w3.org/ns/activitystreams", "actor": 1, "summary": "User create Post", "date": "2022-01-03", "object": "Post", "type": "create", "success": false}}, {"model": "ActivityStream.activitystream", "pk": 15, "fields": {"context": "https://www.w3.org/ns/activitystreams", "actor": 1, "summary": "User create Post", "date": "2022-01-03", "object": "Post", "type": "create", "success": false}}, {"model": "ActivityStream.activitystream", "pk": 16, "fields": {"context": "https://www.w3.org/ns/activitystreams", "actor": 1, "summary": "User create Post", "date": "2022-01-03", "object": "Post", "type": "create", "success": true}}, {"model": "ActivityStream.activitystream", "pk": 17, "fields": {"context": "https://www.w3.org/ns/activitystreams", "actor": 5, "summary": "User tried log in", "date": "2022-01-03", "object": "Protopost", "type": "log in", "success": true}}, {"model": "ActivityStream.activitystream", "pk": 18, "fields": {"context": "https://www.w3.org/ns/activitystreams", "actor": 5, "summary": "User tried log in", "date": "2022-01-03", "object": "Protopost", "type": "log in", "success": true}}, {"model": "ActivityStream.activitystream", "pk": 19, "fields": {"context": "https://www.w3.org/ns/activitystreams", "actor": 1, "summary": "User create Post Template", "date": "2022-01-04", "object": "Template", "type": "create", "success": true}}, {"model": "ActivityStream.activitystream", "pk": 20, "fields": {"context": "https://www.w3.org/ns/activitystreams", "actor": 1, "summary": "User create Post", "date": "2022-01-04", "object": "Post", "type": "create", "success": true}}, {"model": "ActivityStream.activitystream", "pk": 21, "fields": {"context": "https://www.w3.org/ns/activitystreams", "actor": 1, "summary": "User Delete Post", "date": "2022-01-04", "object": "Post", "type": "delete", "success": true}}, {"model": "ActivityStream.activitystream", "pk": 22, "fields": {"context": "https://www.w3.org/ns/activitystreams", "actor": null, "summary": "User tried log in", "date": "2022-01-04", "object": "Protopost", "type": "log in", "success": true}}, {"model": "ActivityStream.activitystream", "pk": 23, "fields": {"context": "https://www.w3.org/ns/activitystreams", "actor": 5, "summary": "User create Post", "date": "2022-01-04", "object": "Post", "type": "create", "success": false}}, {"model": "ActivityStream.activitystream", "pk": 24, "fields": {"context": "https://www.w3.org/ns/activitystreams", "actor": 5, "summary": "User create Post", "date": "2022-01-04", "object": "Post", "type": "create", "success": false}}, {"model": "ActivityStream.activitystream", "pk": 25, "fields": {"context": "https://www.w3.org/ns/activitystreams", "actor": 5, "summary": "User create Post", "date": "2022-01-04", "object": "Post", "type": "create", "success": false}}, {"model": "ActivityStream.activitystream", "pk": 26, "fields": {"context": "https://www.w3.org/ns/activitystreams", "actor": 5, "summary": "User create Post", "date": "2022-01-04", "object": "Post", "type": "create", "success": false}}, {"model": "ActivityStream.activitystream", "pk": 27, "fields": {"context": "https://www.w3.org/ns/activitystreams", "actor": 5, "summary": "User create Post", "date": "2022-01-04", "object": "Post", "type": "create", "success": false}}, {"model": "ActivityStream.activitystream", "pk": 28, "fields": {"context": "https://www.w3.org/ns/activitystreams", "actor": 1, "summary": "User create Post Template", "date": "2022-01-04", "object": "Template", "type": "create", "success": true}}, {"model": "ActivityStream.activitystream", "pk": 29, "fields": {"context": "https://www.w3.org/ns/activitystreams", "actor": 5, "summary": "User create Post", "date": "2022-01-04", "object": "Post", "type": "create", "success": true}}, {"model": "ActivityStream.activitystream", "pk": 30, "fields": {"context": "https://www.w3.org/ns/activitystreams", "actor": 1, "summary": "User create Post", "date": "2022-01-04", "object": "Post", "type": "create", "success": true}}, {"model": "ActivityStream.activitystream", "pk": 31, "fields": {"context": "https://www.w3.org/ns/activitystreams", "actor": 5, "summary": "User create Post", "date": "2022-01-04", "object": "Post", "type": "create", "success": false}}, {"model": "ActivityStream.activitystream", "pk": 32, "fields": {"context": "https://www.w3.org/ns/activitystreams", "actor": 1, "summary": "User Delete Post", "date": "2022-01-04", "object": "Post", "type": "delete", "success": true}}, {"model": "ActivityStream.activitystream", "pk": 33, "fields": {"context": "https://www.w3.org/ns/activitystreams", "actor": null, "summary": "User tried log in", "date": "2022-01-04", "object": "Protopost", "type": "log in", "success": true}}, {"model": "ActivityStream.activitystream", "pk": 34, "fields": {"context": "https://www.w3.org/ns/activitystreams", "actor": null, "summary": "User tried log in", "date": "2022-01-04", "object": "Protopost", "type": "log in", "success": true}}, {"model": "ActivityStream.activitystream", "pk": 35, "fields": {"context": "https://www.w3.org/ns/activitystreams", "actor": 1, "summary": "User create Comment", "date": "2022-01-04", "object": "Comment", "type": "create", "success": true}}, {"model": "ActivityStream.activitystream", "pk": 36, "fields": {"context": "https://www.w3.org/ns/activitystreams", "actor": 1, "summary": "User create Comment", "date": "2022-01-04", "object": "Comment", "type": "create", "success": true}}, {"model": "ActivityStream.activitystream", "pk": 37, "fields": {"context": "https://www.w3.org/ns/activitystreams", "actor": 1, "summary": "User create Post", "date": "2022-01-04", "object": "Post", "type": "create", "success": true}}, {"model": "ActivityStream.activitystream", "pk": 38, "fields": {"context": "https://www.w3.org/ns/activitystreams", "actor": 1, "summary": "User Delete Post", "date": "2022-01-04", "object": "Post", "type": "delete", "success": true}}, {"model": "ActivityStream.activitystream", "pk": 39, "fields": {"context": "https://www.w3.org/ns/activitystreams", "actor": 5, "summary": "User tried log in", "date": "2022-01-04", "object": "Protopost", "type": "log in", "success": true}}, {"model": "ActivityStream.activitystream", "pk": 40, "fields": {"context": "https://www.w3.org/ns/activitystreams", "actor": null, "summary": "User tried log in", "date": "2022-01-04", "object": "Protopost", "type": "log in", "success": true}}, {"model": "ActivityStream.activitystream", "pk": 41, "fields": {"context": "https://www.w3.org/ns/activitystreams", "actor": 5, "summary": "User tried log in", "date": "2022-01-04", "object": "Protopost", "type": "log in", "success": true}}, {"model": "ActivityStream.activitystream", "pk": 42, "fields": {"context": "https://www.w3.org/ns/activitystreams", "actor": null, "summary": "User tried log in", "date": "2022-01-04", "object": "Protopost", "type": "log in", "success": true}}, {"model": "ActivityStream.activitystream", "pk": 43, "fields": {"context": "https://www.w3.org/ns/activitystreams", "actor": 5, "summary": "User tried log in", "date": "2022-01-04", "object": "Protopost", "type": "log in", "success": true}}, {"model": "ActivityStream.activitystream", "pk": 44, "fields": {"context": "https://www.w3.org/ns/activitystreams", "actor": 5, "summary": "User tried log in", "date": "2022-01-04", "object": "Protopost", "type": "log in", "success": true}}, {"model": "ActivityStream.activitystream", "pk": 45, "fields": {"context": "https://www.w3.org/ns/activitystreams", "actor": 5, "summary": "User tried log in", "date": "2022-01-04", "object": "Protopost", "type": "log in", "success": true}}, {"model": "ActivityStream.activitystream", "pk": 46, "fields": {"context": "https://www.w3.org/ns/activitystreams", "actor": 5, "summary": "User tried log in", "date": "2022-01-04", "object": "Protopost", "type": "log in", "success": true}}, {"model": "ActivityStream.activitystream", "pk": 47, "fields": {"context": "https://www.w3.org/ns/activitystreams", "actor": null, "summary": "User tried log in", "date": "2022-01-04", "object": "Protopost", "type": "log in", "success": true}}, {"model": "ActivityStream.activitystream", "pk": 48, "fields": {"context": "https://www.w3.org/ns/activitystreams", "actor": 5, "summary": "User tried log in", "date": "2022-01-04", "object": "Protopost", "type": "log in", "success": true}}, {"model": "ActivityStream.activitystream", "pk": 49, "fields": {"context": "https://www.w3.org/ns/activitystreams", "actor": 5, "summary": "User create Post", "date": "2022-01-04", "object": "Post", "type": "create", "success": false}}, {"model": "ActivityStream.activitystream", "pk": 50, "fields": {"context": "https://www.w3.org/ns/activitystreams", "actor": 5, "summary": "User create Post", "date": "2022-01-04", "object": "Post", "type": "create", "success": true}}, {"model": "ActivityStream.activitystream", "pk": 51, "fields": {"context": "https://www.w3.org/ns/activitystreams", "actor": 5, "summary": "User create Post", "date": "2022-01-04", "object": "Post", "type": "create", "success": true}}, {"model": "ActivityStream.activitystream", "pk": 52, "fields": {"context": "https://www.w3.org/ns/activitystreams", "actor": 5, "summary": "User create Post", "date": "2022-01-04", "object": "Post", "type": "create", "success": true}}, {"model": "ActivityStream.activitystream", "pk": 53, "fields": {"context": "https://www.w3.org/ns/activitystreams", "actor": 5, "summary": "User create Post", "date": "2022-01-04", "object": "Post", "type": "create", "success": true}}, {"model": "ActivityStream.activitystream", "pk": 54, "fields": {"context": "https://www.w3.org/ns/activitystreams", "actor": 5, "summary": "User create Post", "date": "2022-01-04", "object": "Post", "type": "create", "success": true}}, {"model": "ActivityStream.activitystream", "pk": 55, "fields": {"context": "https://www.w3.org/ns/activitystreams", "actor": null, "summary": "User tried log in", "date": "2022-01-04", "object": "Protopost", "type": "log in", "success": true}}, {"model": "ActivityStream.activitystream", "pk": 56, "fields": {"context": "https://www.w3.org/ns/activitystreams", "actor": null, "summary": "User tried log in", "date": "2022-01-04", "object": "Protopost", "type": "log in", "success": true}}, {"model": "ActivityStream.activitystream", "pk": 57, "fields": {"context": "https://www.w3.org/ns/activitystreams", "actor": null, "summary": "User tried log in", "date": "2022-01-04", "object": "Protopost", "type": "log in", "success": true}}, {"model": "ActivityStream.activitystream", "pk": 58, "fields": {"context": "https://www.w3.org/ns/activitystreams", "actor": 5, "summary": "User tried log in", "date": "2022-01-04", "object": "Protopost", "type": "log in", "success": true}}, {"model": "ActivityStream.activitystream", "pk": 59, "fields": {"context": "https://www.w3.org/ns/activitystreams", "actor": 5, "summary": "User tried log in", "date": "2022-01-04", "object": "Protopost", "type": "log in", "success": true}}, {"model": "ActivityStream.activitystream", "pk": 60, "fields": {"context": "https://www.w3.org/ns/activitystreams", "actor": null, "summary": "User tried log in", "date": "2022-01-04", "object": "Protopost", "type": "log in", "success": true}}, {"model": "ActivityStream.activitystream", "pk": 61, "fields": {"context": "https://www.w3.org/ns/activitystreams", "actor": null, "summary": "User tried log in", "date": "2022-01-04", "object": "Protopost", "type": "log in", "success": true}}, {"model": "ActivityStream.activitystream", "pk": 62, "fields": {"context": "https://www.w3.org/ns/activitystreams", "actor": 5, "summary": "User tried log in", "date": "2022-01-04", "object": "Protopost", "type": "log in", "success": true}}, {"model": "ActivityStream.activitystream", "pk": 63, "fields": {"context": "https://www.w3.org/ns/activitystreams", "actor": 5, "summary": "User tried log in", "date": "2022-01-04", "object": "Protopost", "type": "log in", "success": true}}, {"model": "ActivityStream.activitystream", "pk": 64, "fields": {"context": "https://www.w3.org/ns/activitystreams", "actor": null, "summary": "User tried log in", "date": "2022-01-04", "object": "Protopost", "type": "log in", "success": true}}, {"model": "ActivityStream.activitystream", "pk": 65, "fields": {"context": "https://www.w3.org/ns/activitystreams", "actor": 5, "summary": "User tried log in", "date": "2022-01-04", "object": "Protopost", "type": "log in", "success": true}}, {"model": "ActivityStream.activitystream", "pk": 66, "fields": {"context": "https://www.w3.org/ns/activitystreams", "actor": 5, "summary": "User tried log in", "date": "2022-01-04", "object": "Protopost", "type": "log in", "success": true}}, {"model": "ActivityStream.activitystream", "pk": 67, "fields": {"context": "https://www.w3.org/ns/activitystreams", "actor": 5, "summary": "User tried log in", "date": "2022-01-04", "object": "Protopost", "type": "log in", "success": true}}, {"model": "ActivityStream.activitystream", "pk": 68, "fields": {"context": "https://www.w3.org/ns/activitystreams", "actor": null, "summary": "User tried log in", "date": "2022-01-04", "object": "Protopost", "type": "log in", "success": true}}, {"model": "ActivityStream.activitystream", "pk": 69, "fields": {"context": "https://www.w3.org/ns/activitystreams", "actor": 5, "summary": "User tried log in", "date": "2022-01-04", "object": "Protopost", "type": "log in", "success": true}}, {"model": "ActivityStream.activitystream", "pk": 70, "fields": {"context": "https://www.w3.org/ns/activitystreams", "actor": null, "summary": "User tried log in", "date": "2022-01-04", "object": "Protopost", "type": "log in", "success": true}}, {"model": "ActivityStream.activitystream", "pk": 71, "fields": {"context": "https://www.w3.org/ns/activitystreams", "actor": null, "summary": "User tried log in", "date": "2022-01-04", "object": "Protopost", "type": "log in", "success": true}}, {"model": "ActivityStream.activitystream", "pk": 72, "fields": {"context": "https://www.w3.org/ns/activitystreams", "actor": 5, "summary": "User tried log in", "date": "2022-01-04", "object": "Protopost", "type": "log in", "success": true}}, {"model": "ActivityStream.activitystream", "pk": 73, "fields": {"context": "https://www.w3.org/ns/activitystreams", "actor": null, "summary": "User tried log in", "date": "2022-01-04", "object": "Protopost", "type": "log in", "success": true}}, {"model": "ActivityStream.activitystream", "pk": 74, "fields": {"context": "https://www.w3.org/ns/activitystreams", "actor": 5, "summary": "Update User Profile", "date": "2022-01-04", "object": "User Profile", "type": "update", "success": true}}, {"model": "ActivityStream.activitystream", "pk": 75, "fields": {"context": "https://www.w3.org/ns/activitystreams", "actor": 5, "summary": "Update User Profile", "date": "2022-01-04", "object": "User Profile", "type": "update", "success": true}}, {"model": "ActivityStream.activitystream", "pk": 76, "fields": {"context": "https://www.w3.org/ns/activitystreams", "actor": null, "summary": "Update User Profile", "date": "2022-01-04", "object": "User Profile", "type": "update", "success": false}}, {"model": "ActivityStream.activitystream", "pk": 77, "fields": {"context": "https://www.w3.org/ns/activitystreams", "actor": 5, "summary": "User Delete Post", "date": "2022-01-04", "object": "Post", "type": "delete", "success": true}}, {"model": "ActivityStream.activitystream", "pk": 78, "fields": {"context": "https://www.w3.org/ns/activitystreams", "actor": 5, "summary": "User Delete Post", "date": "2022-01-04", "object": "Post", "type": "delete", "success": true}}, {"model": "ActivityStream.activitystream", "pk": 79, "fields": {"context": "https://www.w3.org/ns/activitystreams", "actor": 5, "summary": "User Delete Post", "date": "2022-01-04", "object": "Post", "type": "delete", "success": true}}, {"model": "ActivityStream.activitystream", "pk": 80, "fields": {"context": "https://www.w3.org/ns/activitystreams", "actor": 5, "summary": "User Delete Post", "date": "2022-01-04", "object": "Post", "type": "delete", "success": true}}, {"model": "ActivityStream.activitystream", "pk": 81, "fields": {"context": "https://www.w3.org/ns/activitystreams", "actor": 5, "summary": "User Delete Post", "date": "2022-01-04", "object": "Post", "type": "delete", "success": true}}, {"model": "ActivityStream.activitystream", "pk": 82, "fields": {"context": "https://www.w3.org/ns/activitystreams", "actor": null, "summary": "User tried log in", "date": "2022-01-04", "object": "Protopost", "type": "log in", "success": true}}, {"model": "ActivityStream.activitystream", "pk": 83, "fields": {"context": "https://www.w3.org/ns/activitystreams", "actor": 5, "summary": "User Delete Post", "date": "2022-01-04", "object": "Post", "type": "delete", "success": true}}, {"model": "ActivityStream.activitystream", "pk": 84, "fields": {"context": "https://www.w3.org/ns/activitystreams", "actor": null, "summary": "User tried log in", "date": "2022-01-04", "object": "Protopost", "type": "log in", "success": true}}, {"model": "ActivityStream.activitystream", "pk": 85, "fields": {"context": "https://www.w3.org/ns/activitystreams", "actor": 5, "summary": "User create Post", "date": "2022-01-04", "object": "Post", "type": "create", "success": true}}, {"model": "ActivityStream.activitystream", "pk": 86, "fields": {"context": "https://www.w3.org/ns/activitystreams", "actor": 5, "summary": "User create Post", "date": "2022-01-04", "object": "Post", "type": "create", "success": true}}, {"model": "ActivityStream.activitystream", "pk": 87, "fields": {"context": "https://www.w3.org/ns/activitystreams", "actor": 5, "summary": "User create Post", "date": "2022-01-04", "object": "Post", "type": "create", "success": true}}, {"model": "ActivityStream.activitystream", "pk": 88, "fields": {"context": "https://www.w3.org/ns/activitystreams", "actor": 5, "summary": "User Delete Post", "date": "2022-01-04", "object": "Post", "type": "delete", "success": true}}, {"model": "ActivityStream.activitystream", "pk": 89, "fields": {"context": "https://www.w3.org/ns/activitystreams", "actor": 5, "summary": "User Delete Post", "date": "2022-01-04", "object": "Post", "type": "delete", "success": true}}, {"model": "ActivityStream.activitystream", "pk": 90, "fields": {"context": "https://www.w3.org/ns/activitystreams", "actor": 5, "summary": "User Delete Post", "date": "2022-01-04", "object": "Post", "type": "delete", "success": true}}, {"model": "ActivityStream.activitystream", "pk": 91, "fields": {"context": "https://www.w3.org/ns/activitystreams", "actor": 5, "summary": "User create Post", "date": "2022-01-04", "object": "Post", "type": "create", "success": false}}, {"model": "ActivityStream.activitystream", "pk": 92, "fields": {"context": "https://www.w3.org/ns/activitystreams", "actor": 5, "summary": "User create Post", "date": "2022-01-04", "object": "Post", "type": "create", "success": true}}, {"model": "ActivityStream.activitystream", "pk": 93, "fields": {"context": "https://www.w3.org/ns/activitystreams", "actor": 5, "summary": "User create Post", "date": "2022-01-04", "object": "Post", "type": "create", "success": true}}, {"model": "ActivityStream.activitystream", "pk": 94, "fields": {"context": "https://www.w3.org/ns/activitystreams", "actor": 5, "summary": "User create Post", "date": "2022-01-04", "object": "Post", "type": "create", "success": true}}, {"model": "ActivityStream.activitystream", "pk": 95, "fields": {"context": "https://www.w3.org/ns/activitystreams", "actor": 5, "summary": "User create Post", "date": "2022-01-04", "object": "Post", "type": "create", "success": true}}, {"model": "ActivityStream.activitystream", "pk": 96, "fields": {"context": "https://www.w3.org/ns/activitystreams", "actor": 5, "summary": "User Delete Post", "date": "2022-01-04", "object": "Post", "type": "delete", "success": true}}, {"model": "ActivityStream.activitystream", "pk": 97, "fields": {"context": "https://www.w3.org/ns/activitystreams", "actor": 5, "summary": "User tried log in", "date": "2022-01-04", "object": "Protopost", "type": "log in", "success": true}}, {"model": "ActivityStream.activitystream", "pk": 98, "fields": {"context": "https://www.w3.org/ns/activitystreams", "actor": 5, "summary": "User search Post in Community", "date": "2022-01-04", "object": "Post", "type": "search", "success": true}}, {"model": "ActivityStream.activitystream", "pk": 99, "fields": {"context": "https://www.w3.org/ns/activitystreams", "actor": 5, "summary": "User search Post in Community", "date": "2022-01-04", "object": "Post", "type": "search", "success": true}}, {"model": "ActivityStream.activitystream", "pk": 100, "fields": {"context": "https://www.w3.org/ns/activitystreams", "actor": 5, "summary": "User search Post in Community", "date": "2022-01-04", "object": "Post", "type": "search", "success": true}}, {"model": "ActivityStream.activitystream", "pk": 101, "fields": {"context": "https://www.w3.org/ns/activitystreams", "actor": 5, "summary": "User search Post in Community", "date": "2022-01-04", "object": "Post", "type": "search", "success": true}}, {"model": "ActivityStream.activitystream", "pk": 102, "fields": {"context": "https://www.w3.org/ns/activitystreams", "actor": 5, "summary": "User search Post in Community", "date": "2022-01-04", "object": "Post", "type": "search", "success": true}}, {"model": "ActivityStream.activitystream", "pk": 103, "fields": {"context": "https://www.w3.org/ns/activitystreams", "actor": 5, "summary": "User search Post in Community", "date": "2022-01-04", "object": "Post", "type": "search", "success": true}}, {"model": "ActivityStream.activitystream", "pk": 104, "fields": {"context": "https://www.w3.org/ns/activitystreams", "actor": 5, "summary": "User search Post in Community", "date": "2022-01-04", "object": "Post", "type": "search", "success": true}}, {"model": "ActivityStream.activitystream", "pk": 105, "fields": {"context": "https://www.w3.org/ns/activitystreams", "actor": 5, "summary": "User search Post in Community", "date": "2022-01-04", "object": "Post", "type": "search", "success": true}}, {"model": "ActivityStream.activitystream", "pk": 106, "fields": {"context": "https://www.w3.org/ns/activitystreams", "actor": 5, "summary": "User search Post in Community", "date": "2022-01-04", "object": "Post", "type": "search", "success": true}}, {"model": "ActivityStream.activitystream", "pk": 107, "fields": {"context": "https://www.w3.org/ns/activitystreams", "actor": 5, "summary": "User search Post in Community", "date": "2022-01-04", "object": "Post", "type": "search", "success": true}}, {"model": "ActivityStream.activitystream", "pk": 108, "fields": {"context": "https://www.w3.org/ns/activitystreams", "actor": 5, "summary": "User search Post in Community", "date": "2022-01-04", "object": "Post", "type": "search", "success": true}}, {"model": "ActivityStream.activitystream", "pk": 109, "fields": {"context": "https://www.w3.org/ns/activitystreams", "actor": 5, "summary": "User search Post in Community", "date": "2022-01-04", "object": "Post", "type": "search", "success": true}}, {"model": "ActivityStream.activitystream", "pk": 110, "fields": {"context": "https://www.w3.org/ns/activitystreams", "actor": 5, "summary": "User search Post in Community", "date": "2022-01-04", "object": "Post", "type": "search", "success": true}}, {"model": "ActivityStream.activitystream", "pk": 111, "fields": {"context": "https://www.w3.org/ns/activitystreams", "actor": null, "summary": "User tried log in", "date": "2022-01-04", "object": "Protopost", "type": "log in", "success": true}}, {"model": "ActivityStream.activitystream", "pk": 112, "fields": {"context": "https://www.w3.org/ns/activitystreams", "actor": 5, "summary": "User tried log in", "date": "2022-01-04", "object": "Protopost", "type": "log in", "success": true}}, {"model": "ActivityStream.activitystream", "pk": 113, "fields": {"context": "https://www.w3.org/ns/activitystreams", "actor": null, "summary": "User tried log in", "date": "2022-01-04", "object": "Protopost", "type": "log in", "success": false}}, {"model": "ActivityStream.activitystream", "pk": 114, "fields": {"context": "https://www.w3.org/ns/activitystreams", "actor": 5, "summary": "User tried log in", "date": "2022-01-04", "object": "Protopost", "type": "log in", "success": true}}, {"model": "ActivityStream.activitystream", "pk": 115, "fields": {"context": "https://www.w3.org/ns/activitystreams", "actor": 5, "summary": "User search communities", "date": "2022-01-04", "object": "Community", "type": "search", "success": true}}, {"model": "ActivityStream.activitystream", "pk": 116, "fields": {"context": "https://www.w3.org/ns/activitystreams", "actor": 5, "summary": "User search communities", "date": "2022-01-04", "object": "Community", "type": "search", "success": true}}, {"model": "ActivityStream.activitystream", "pk": 117, "fields": {"context": "https://www.w3.org/ns/activitystreams", "actor": 5, "summary": "User search communities", "date": "2022-01-04", "object": "Community", "type": "search", "success": true}}, {"model": "ActivityStream.activitystream", "pk": 118, "fields": {"context": "https://www.w3.org/ns/activitystreams", "actor": 5, "summary": "User search communities", "date": "2022-01-04", "object": "Community", "type": "search", "success": true}}, {"model": "ActivityStream.activitystream", "pk": 119, "fields": {"context": "https://www.w3.org/ns/activitystreams", "actor": 5, "summary": "User search communities", "date": "2022-01-04", "object": "Community", "type": "search", "success": true}}, {"model": "ActivityStream.activitystream", "pk": 120, "fields": {"context": "https://www.w3.org/ns/activitystreams", "actor": 5, "summary": "User search communities", "date": "2022-01-04", "object": "Community", "type": "search", "success": true}}, {"model": "ActivityStream.activitystream", "pk": 121, "fields": {"context": "https://www.w3.org/ns/activitystreams", "actor": 5, "summary": "User tried log in", "date": "2022-01-04", "object": "Protopost", "type": "log in", "success": true}}, {"model": "ActivityStream.activitystream", "pk": 122, "fields": {"context": "https://www.w3.org/ns/activitystreams", "actor": 5, "summary": "User tried log in", "date": "2022-01-04", "object": "Protopost", "type": "log in", "success": true}}, {"model": "ActivityStream.activitystream", "pk": 123, "fields": {"context": "https://www.w3.org/ns/activitystreams", "actor": 5, "summary": "User tried log in", "date": "2022-01-04", "object": "Protopost", "type": "log in", "success": true}}, {"model": "ActivityStream.activitystream", "pk": 124, "fields": {"context": "https://www.w3.org/ns/activitystreams", "actor": 5, "summary": "User tried log in", "date": "2022-01-04", "object": "Protopost", "type": "log in", "success": true}}, {"model": "ActivityStream.activitystream", "pk": 125, "fields": {"context": "https://www.w3.org/ns/activitystreams", "actor": null, "summary": "User tried log in", "date": "2022-01-04", "object": "Protopost", "type": "log in", "success": true}}, {"model": "ActivityStream.activitystream", "pk": 126, "fields": {"context": "https://www.w3.org/ns/activitystreams", "actor": 1, "summary": "User create Post Template", "date": "2022-01-04", "object": "Template", "type": "create", "success": true}}, {"model": "ActivityStream.activitystream", "pk": 127, "fields": {"context": "https://www.w3.org/ns/activitystreams", "actor": 1, "summary": "User create Post", "date": "2022-01-04", "object": "Post", "type": "create", "success": true}}, {"model": "ActivityStream.activitystream", "pk": 128, "fields": {"context": "https://www.w3.org/ns/activitystreams", "actor": null, "summary": "User tried log in", "date": "2022-01-04", "object": "Protopost", "type": "log in", "success": false}}, {"model": "ActivityStream.activitystream", "pk": 129, "fields": {"context": "https://www.w3.org/ns/activitystreams", "actor": null, "summary": "New User registers", "date": "2022-01-04", "object": "Protopost", "type": "register", "success": true}}, {"model": "ActivityStream.activitystream", "pk": 130, "fields": {"context": "https://www.w3.org/ns/activitystreams", "actor": null, "summary": "User tried log in", "date": "2022-01-04", "object": "Protopost", "type": "log in", "success": true}}, {"model": "ActivityStream.activitystream", "pk": 131, "fields": {"context": "https://www.w3.org/ns/activitystreams", "actor": 6, "summary": "User tried log in", "date": "2022-01-04", "object": "Protopost", "type": "log in", "success": true}}, {"model": "ActivityStream.activitystream", "pk": 132, "fields": {"context": "https://www.w3.org/ns/activitystreams", "actor": 6, "summary": "User search Post in Community", "date": "2022-01-04", "object": "Post", "type": "search", "success": true}}, {"model": "ActivityStream.activitystream", "pk": 133, "fields": {"context": "https://www.w3.org/ns/activitystreams", "actor": 6, "summary": "User search Post in Community", "date": "2022-01-04", "object": "Post", "type": "search", "success": true}}, {"model": "ActivityStream.activitystream", "pk": 134, "fields": {"context": "https://www.w3.org/ns/activitystreams", "actor": 6, "summary": "User search Post in Community", "date": "2022-01-04", "object": "Post", "type": "search", "success": true}}, {"model": "ActivityStream.activitystream", "pk": 135, "fields": {"context": "https://www.w3.org/ns/activitystreams", "actor": 6, "summary": "User search Post in Community", "date": "2022-01-04", "object": "Post", "type": "search", "success": true}}, {"model": "ActivityStream.activitystream", "pk": 136, "fields": {"context": "https://www.w3.org/ns/activitystreams", "actor": 6, "summary": "User create Post", "date": "2022-01-04", "object": "Post", "type": "create", "success": false}}, {"model": "ActivityStream.activitystream", "pk": 137, "fields": {"context": "https://www.w3.org/ns/activitystreams", "actor": null, "summary": "User tried log in", "date": "2022-01-04", "object": "Protopost", "type": "log in", "success": true}}, {"model": "ActivityStream.activitystream", "pk": 138, "fields": {"context": "https://www.w3.org/ns/activitystreams", "actor": null, "summary": "User tried log in", "date": "2022-01-04", "object": "Protopost", "type": "log in", "success": true}}, {"model": "ActivityStream.activitystream", "pk": 139, "fields": {"context": "https://www.w3.org/ns/activitystreams", "actor": 6, "summary": "User create Post", "date": "2022-01-04", "object": "Post", "type": "create", "success": true}}, {"model": "ActivityStream.activitystream", "pk": 140, "fields": {"context": "https://www.w3.org/ns/activitystreams", "actor": 6, "summary": "User Delete Post", "date": "2022-01-04", "object": "Post", "type": "delete", "success": true}}, {"model": "ActivityStream.activitystream", "pk": 141, "fields": {"context": "https://www.w3.org/ns/activitystreams", "actor": 6, "summary": "User Delete Post", "date": "2022-01-04", "object": "Post", "type": "delete", "success": false}}, {"model": "ActivityStream.activitystream", "pk": 142, "fields": {"context": "https://www.w3.org/ns/activitystreams", "actor": 6, "summary": "User Delete Post", "date": "2022-01-04", "object": "Post", "type": "delete", "success": false}}, {"model": "ActivityStream.activitystream", "pk": 143, "fields": {"context": "https://www.w3.org/ns/activitystreams", "actor": 6, "summary": "User Delete Post", "date": "2022-01-04", "object": "Post", "type": "delete", "success": false}}, {"model": "ActivityStream.activitystream", "pk": 144, "fields": {"context": "https://www.w3.org/ns/activitystreams", "actor": null, "summary": "User tried log in", "date": "2022-01-04", "object": "Protopost", "type": "log in", "success": false}}, {"model": "ActivityStream.activitystream", "pk": 145, "fields": {"context": "https://www.w3.org/ns/activitystreams", "actor": null, "summary": "User tried log in", "date": "2022-01-04", "object": "Protopost", "type": "log in", "success": true}}, {"model": "ActivityStream.activitystream", "pk": 146, "fields": {"context": "https://www.w3.org/ns/activitystreams", "actor": null, "summary": "User tried log in", "date": "2022-01-04", "object": "Protopost", "type": "log in", "success": true}}, {"model": "ActivityStream.activitystream", "pk": 147, "fields": {"context": "https://www.w3.org/ns/activitystreams", "actor": 6, "summary": "User create Community", "date": "2022-01-04", "object": "Community", "type": "create", "success": true}}, {"model": "ActivityStream.activitystream", "pk": 148, "fields": {"context": "https://www.w3.org/ns/activitystreams", "actor": 6, "summary": "User create Post Template", "date": "2022-01-04", "object": "Template", "type": "create", "success": true}}, {"model": "ActivityStream.activitystream", "pk": 149, "fields": {"context": "https://www.w3.org/ns/activitystreams", "actor": 6, "summary": "User create Post Template", "date": "2022-01-04", "object": "Template", "type": "create", "success": true}}, {"model": "ActivityStream.activitystream", "pk": 150, "fields": {"context": "https://www.w3.org/ns/activitystreams", "actor": 6, "summary": "User create Post", "date": "2022-01-04", "object": "Post", "type": "create", "success": true}}, {"model": "ActivityStream.activitystream", "pk": 151, "fields": {"context": "https://www.w3.org/ns/activitystreams", "actor": 6, "summary": "User Delete Post", "date": "2022-01-04", "object": "Post", "type": "delete", "success": true}}, {"model": "ActivityStream.activitystream", "pk": 152, "fields": {"context": "https://www.w3.org/ns/activitystreams", "actor": 6, "summary": "User create Post", "date": "2022-01-04", "object": "Post", "type": "create", "success": true}}, {"model": "ActivityStream.activitystream", "pk": 153, "fields": {"context": "https://www.w3.org/ns/activitystreams", "actor": 6, "summary": "User create Post Template", "date": "2022-01-04", "object": "Template", "type": "create", "success": true}}, {"model": "ActivityStream.activitystream", "pk": 154, "fields": {"context": "https://www.w3.org/ns/activitystreams", "actor": 6, "summary": "User create Post", "date": "2022-01-04", "object": "Post", "type": "create", "success": false}}, {"model": "ActivityStream.activitystream", "pk": 155, "fields": {"context": "https://www.w3.org/ns/activitystreams", "actor": 6, "summary": "User create Post", "date": "2022-01-04", "object": "Post", "type": "create", "success": false}}, {"model": "ActivityStream.activitystream", "pk": 156, "fields": {"context": "https://www.w3.org/ns/activitystreams", "actor": 6, "summary": "User create Post", "date": "2022-01-04", "object": "Post", "type": "create", "success": false}}, {"model": "ActivityStream.activitystream", "pk": 157, "fields": {"context": "https://www.w3.org/ns/activitystreams", "actor": 6, "summary": "User create Post", "date": "2022-01-04", "object": "Post", "type": "create", "success": false}}, {"model": "ActivityStream.activitystream", "pk": 158, "fields": {"context": "https://www.w3.org/ns/activitystreams", "actor": 6, "summary": "User create Post", "date": "2022-01-04", "object": "Post", "type": "create", "success": false}}, {"model": "ActivityStream.activitystream", "pk": 159, "fields": {"context": "https://www.w3.org/ns/activitystreams", "actor": 6, "summary": "User create Post", "date": "2022-01-04", "object": "Post", "type": "create", "success": false}}, {"model": "ActivityStream.activitystream", "pk": 160, "fields": {"context": "https://www.w3.org/ns/activitystreams", "actor": 6, "summary": "User create Post", "date": "2022-01-04", "object": "Post", "type": "create", "success": false}}, {"model": "ActivityStream.activitystream", "pk": 161, "fields": {"context": "https://www.w3.org/ns/activitystreams", "actor": 6, "summary": "User create Post", "date": "2022-01-04", "object": "Post", "type": "create", "success": false}}, {"model": "ActivityStream.activitystream", "pk": 162, "fields": {"context": "https://www.w3.org/ns/activitystreams", "actor": 6, "summary": "User create Post", "date": "2022-01-04", "object": "Post", "type": "create", "success": false}}, {"model": "ActivityStream.activitystream", "pk": 163, "fields": {"context": "https://www.w3.org/ns/activitystreams", "actor": 6, "summary": "User create Post", "date": "2022-01-04", "object": "Post", "type": "create", "success": false}}, {"model": "ActivityStream.activitystream", "pk": 164, "fields": {"context": "https://www.w3.org/ns/activitystreams", "actor": null, "summary": "User tried log in", "date": "2022-01-04", "object": "Protopost", "type": "log in", "success": true}}, {"model": "ActivityStream.activitystream", "pk": 165, "fields": {"context": "https://www.w3.org/ns/activitystreams", "actor": 6, "summary": "User create Post Template", "date": "2022-01-04", "object": "Template", "type": "create", "success": true}}, {"model": "ActivityStream.activitystream", "pk": 166, "fields": {"context": "https://www.w3.org/ns/activitystreams", "actor": 6, "summary": "User create Post", "date": "2022-01-04", "object": "Post", "type": "create", "success": true}}, {"model": "ActivityStream.activitystream", "pk": 167, "fields": {"context": "https://www.w3.org/ns/activitystreams", "actor": null, "summary": "User tried log in", "date": "2022-01-04", "object": "Protopost", "type": "log in", "success": true}}, {"model": "ActivityStream.activitystream", "pk": 168, "fields": {"context": "https://www.w3.org/ns/activitystreams", "actor": 2, "summary": "User create Community", "date": "2022-01-04", "object": "Community", "type": "create", "success": true}}, {"model": "ActivityStream.activitystream", "pk": 169, "fields": {"context": "https://www.w3.org/ns/activitystreams", "actor": 1, "summary": "User create Post", "date": "2022-01-04", "object": "Post", "type": "create", "success": true}}, {"model": "ActivityStream.activitystream", "pk": 170, "fields": {"context": "https://www.w3.org/ns/activitystreams", "actor": 1, "summary": "User create Community", "date": "2022-01-04", "object": "Community", "type": "create", "success": true}}, {"model": "ActivityStream.activitystream", "pk": 171, "fields": {"context": "https://www.w3.org/ns/activitystreams", "actor": null, "summary": "User tried log in", "date": "2022-01-04", "object": "Protopost", "type": "log in", "success": true}}, {"model": "ActivityStream.activitystream", "pk": 172, "fields": {"context": "https://www.w3.org/ns/activitystreams", "actor": 2, "summary": "User create Post Template", "date": "2022-01-04", "object": "Template", "type": "create", "success": true}}, {"model": "ActivityStream.activitystream", "pk": 173, "fields": {"context": "https://www.w3.org/ns/activitystreams", "actor": 1, "summary": "User create Post", "date": "2022-01-04", "object": "Post", "type": "create", "success": false}}, {"model": "ActivityStream.activitystream", "pk": 174, "fields": {"context": "https://www.w3.org/ns/activitystreams", "actor": 6, "summary": "User search Post in Community", "date": "2022-01-04", "object": "Post", "type": "search", "success": true}}, {"model": "ActivityStream.activitystream", "pk": 175, "fields": {"context": "https://www.w3.org/ns/activitystreams", "actor": 6, "summary": "User search Post in Community", "date": "2022-01-04", "object": "Post", "type": "search", "success": true}}, {"model": "ActivityStream.activitystream", "pk": 176, "fields": {"context": "https://www.w3.org/ns/activitystreams", "actor": 6, "summary": "User search Post in Community", "date": "2022-01-04", "object": "Post", "type": "search", "success": true}}, {"model": "ActivityStream.activitystream", "pk": 177, "fields": {"context": "https://www.w3.org/ns/activitystreams", "actor": 6, "summary": "User search Post in Community", "date": "2022-01-04", "object": "Post", "type": "search", "success": true}}, {"model": "ActivityStream.activitystream", "pk": 178, "fields": {"context": "https://www.w3.org/ns/activitystreams", "actor": 6, "summary": "User search Post in Community", "date": "2022-01-04", "object": "Post", "type": "search", "success": true}}, {"model": "ActivityStream.activitystream", "pk": 179, "fields": {"context": "https://www.w3.org/ns/activitystreams", "actor": 6, "summary": "User search Post in Community", "date": "2022-01-04", "object": "Post", "type": "search", "success": true}}, {"model": "ActivityStream.activitystream", "pk": 180, "fields": {"context": "https://www.w3.org/ns/activitystreams", "actor": 6, "summary": "User search Post in Community", "date": "2022-01-04", "object": "Post", "type": "search", "success": true}}, {"model": "ActivityStream.activitystream", "pk": 181, "fields": {"context": "https://www.w3.org/ns/activitystreams", "actor": 6, "summary": "User search Post in Community", "date": "2022-01-04", "object": "Post", "type": "search", "success": true}}, {"model": "ActivityStream.activitystream", "pk": 182, "fields": {"context": "https://www.w3.org/ns/activitystreams", "actor": 6, "summary": "User search Post in Community", "date": "2022-01-04", "object": "Post", "type": "search", "success": true}}, {"model": "ActivityStream.activitystream", "pk": 183, "fields": {"context": "https://www.w3.org/ns/activitystreams", "actor": 6, "summary": "User search Post in Community", "date": "2022-01-04", "object": "Post", "type": "search", "success": true}}, {"model": "ActivityStream.activitystream", "pk": 184, "fields": {"context": "https://www.w3.org/ns/activitystreams", "actor": 6, "summary": "User search Post in Community", "date": "2022-01-04", "object": "Post", "type": "search", "success": true}}, {"model": "ActivityStream.activitystream", "pk": 185, "fields": {"context": "https://www.w3.org/ns/activitystreams", "actor": 6, "summary": "User search Post in Community", "date": "2022-01-04", "object": "Post", "type": "search", "success": true}}, {"model": "ActivityStream.activitystream", "pk": 186, "fields": {"context": "https://www.w3.org/ns/activitystreams", "actor": 6, "summary": "User search Post in Community", "date": "2022-01-04", "object": "Post", "type": "search", "success": true}}, {"model": "ActivityStream.activitystream", "pk": 187, "fields": {"context": "https://www.w3.org/ns/activitystreams", "actor": 6, "summary": "User search Post in Community", "date": "2022-01-04", "object": "Post", "type": "search", "success": true}}, {"model": "ActivityStream.activitystream", "pk": 188, "fields": {"context": "https://www.w3.org/ns/activitystreams", "actor": 6, "summary": "User search Post in Community", "date": "2022-01-04", "object": "Post", "type": "search", "success": true}}, {"model": "ActivityStream.activitystream", "pk": 189, "fields": {"context": "https://www.w3.org/ns/activitystreams", "actor": 6, "summary": "User search Post in Community", "date": "2022-01-04", "object": "Post", "type": "search", "success": true}}, {"model": "ActivityStream.activitystream", "pk": 190, "fields": {"context": "https://www.w3.org/ns/activitystreams", "actor": 6, "summary": "User search Post in Community", "date": "2022-01-04", "object": "Post", "type": "search", "success": true}}, {"model": "ActivityStream.activitystream", "pk": 191, "fields": {"context": "https://www.w3.org/ns/activitystreams", "actor": 6, "summary": "User search Post in Community", "date": "2022-01-04", "object": "Post", "type": "search", "success": true}}, {"model": "ActivityStream.activitystream", "pk": 192, "fields": {"context": "https://www.w3.org/ns/activitystreams", "actor": 6, "summary": "User search Post in Community", "date": "2022-01-04", "object": "Post", "type": "search", "success": true}}, {"model": "ActivityStream.activitystream", "pk": 193, "fields": {"context": "https://www.w3.org/ns/activitystreams", "actor": 6, "summary": "User search Post in Community", "date": "2022-01-04", "object": "Post", "type": "search", "success": true}}, {"model": "ActivityStream.activitystream", "pk": 194, "fields": {"context": "https://www.w3.org/ns/activitystreams", "actor": 1, "summary": "User create Post", "date": "2022-01-04", "object": "Post", "type": "create", "success": true}}, {"model": "ActivityStream.activitystream", "pk": 195, "fields": {"context": "https://www.w3.org/ns/activitystreams", "actor": 2, "summary": "User create Post Template", "date": "2022-01-04", "object": "Template", "type": "create", "success": true}}, {"model": "ActivityStream.activitystream", "pk": 196, "fields": {"context": "https://www.w3.org/ns/activitystreams", "actor": null, "summary": "New User registers", "date": "2022-01-04", "object": "Protopost", "type": "register", "success": true}}, {"model": "ActivityStream.activitystream", "pk": 197, "fields": {"context": "https://www.w3.org/ns/activitystreams", "actor": null, "summary": "User tried log in", "date": "2022-01-04", "object": "Protopost", "type": "log in", "success": true}}, {"model": "ActivityStream.activitystream", "pk": 198, "fields": {"context": "https://www.w3.org/ns/activitystreams", "actor": 2, "summary": "User create Post", "date": "2022-01-04", "object": "Post", "type": "create", "success": false}}, {"model": "ActivityStream.activitystream", "pk": 199, "fields": {"context": "https://www.w3.org/ns/activitystreams", "actor": 1, "summary": "User create Community", "date": "2022-01-04", "object": "Community", "type": "create", "success": false}}, {"model": "ActivityStream.activitystream", "pk": 200, "fields": {"context": "https://www.w3.org/ns/activitystreams", "actor": 2, "summary": "User create Post", "date": "2022-01-04", "object": "Post", "type": "create", "success": false}}, {"model": "ActivityStream.activitystream", "pk": 201, "fields": {"context": "https://www.w3.org/ns/activitystreams", "actor": 1, "summary": "User create Community", "date": "2022-01-04", "object": "Community", "type": "create", "success": true}}, {"model": "ActivityStream.activitystream", "pk": 202, "fields": {"context": "https://www.w3.org/ns/activitystreams", "actor": 2, "summary": "User create Post", "date": "2022-01-04", "object": "Post", "type": "create", "success": false}}, {"model": "ActivityStream.activitystream", "pk": 203, "fields": {"context": "https://www.w3.org/ns/activitystreams", "actor": 7, "summary": "User create Community", "date": "2022-01-04", "object": "Community", "type": "create", "success": true}}, {"model": "ActivityStream.activitystream", "pk": 204, "fields": {"context": "https://www.w3.org/ns/activitystreams", "actor": 2, "summary": "User create Post", "date": "2022-01-04", "object": "Post", "type": "create", "success": true}}, {"model": "ActivityStream.activitystream", "pk": 205, "fields": {"context": "https://www.w3.org/ns/activitystreams", "actor": 1, "summary": "User create Community", "date": "2022-01-04", "object": "Community", "type": "create", "success": true}}, {"model": "ActivityStream.activitystream", "pk": 206, "fields": {"context": "https://www.w3.org/ns/activitystreams", "actor": 6, "summary": "User create Post", "date": "2022-01-04", "object": "Post", "type": "create", "success": true}}, {"model": "ActivityStream.activitystream", "pk": 207, "fields": {"context": "https://www.w3.org/ns/activitystreams", "actor": 4, "summary": "User create Community", "date": "2022-01-04", "object": "Community", "type": "create", "success": true}}, {"model": "ActivityStream.activitystream", "pk": 208, "fields": {"context": "https://www.w3.org/ns/activitystreams", "actor": 6, "summary": "User Delete Post", "date": "2022-01-04", "object": "Post", "type": "delete", "success": true}}, {"model": "ActivityStream.activitystream", "pk": 209, "fields": {"context": "https://www.w3.org/ns/activitystreams", "actor": 6, "summary": "User search Post in Community", "date": "2022-01-04", "object": "Post", "type": "search", "success": true}}, {"model": "ActivityStream.activitystream", "pk": 210, "fields": {"context": "https://www.w3.org/ns/activitystreams", "actor": 6, "summary": "User search Post in Community", "date": "2022-01-04", "object": "Post", "type": "search", "success": true}}, {"model": "ActivityStream.activitystream", "pk": 211, "fields": {"context": "https://www.w3.org/ns/activitystreams", "actor": 6, "summary": "User search Post in Community", "date": "2022-01-04", "object": "Post", "type": "search", "success": true}}, {"model": "ActivityStream.activitystream", "pk": 212, "fields": {"context": "https://www.w3.org/ns/activitystreams", "actor": 7, "summary": "User create Post Template", "date": "2022-01-04", "object": "Template", "type": "create", "success": true}}, {"model": "ActivityStream.activitystream", "pk": 213, "fields": {"context": "https://www.w3.org/ns/activitystreams", "actor": 6, "summary": "User search Post in Community", "date": "2022-01-04", "object": "Post", "type": "search", "success": true}}, {"model": "ActivityStream.activitystream", "pk": 214, "fields": {"context": "https://www.w3.org/ns/activitystreams", "actor": 6, "summary": "User search Post in Community", "date": "2022-01-04", "object": "Post", "type": "search", "success": true}}, {"model": "ActivityStream.activitystream", "pk": 215, "fields": {"context": "https://www.w3.org/ns/activitystreams", "actor": 6, "summary": "User search Post in Community", "date": "2022-01-04", "object": "Post", "type": "search", "success": true}}, {"model": "ActivityStream.activitystream", "pk": 216, "fields": {"context": "https://www.w3.org/ns/activitystreams", "actor": 6, "summary": "User search Post in Community", "date": "2022-01-04", "object": "Post", "type": "search", "success": true}}, {"model": "ActivityStream.activitystream", "pk": 217, "fields": {"context": "https://www.w3.org/ns/activitystreams", "actor": 6, "summary": "User tried log in", "date": "2022-01-04", "object": "Protopost", "type": "log in", "success": true}}, {"model": "ActivityStream.activitystream", "pk": 218, "fields": {"context": "https://www.w3.org/ns/activitystreams", "actor": 4, "summary": "User create Post Template", "date": "2022-01-04", "object": "Template", "type": "create", "success": false}}, {"model": "ActivityStream.activitystream", "pk": 219, "fields": {"context": "https://www.w3.org/ns/activitystreams", "actor": 2, "summary": "User create Post Template", "date": "2022-01-04", "object": "Template", "type": "create", "success": true}}, {"model": "ActivityStream.activitystream", "pk": 220, "fields": {"context": "https://www.w3.org/ns/activitystreams", "actor": 4, "summary": "User create Post Template", "date": "2022-01-04", "object": "Template", "type": "create", "success": false}}, {"model": "ActivityStream.activitystream", "pk": 221, "fields": {"context": "https://www.w3.org/ns/activitystreams", "actor": 4, "summary": "User create Post Template", "date": "2022-01-04", "object": "Template", "type": "create", "success": true}}, {"model": "ActivityStream.activitystream", "pk": 222, "fields": {"context": "https://www.w3.org/ns/activitystreams", "actor": 7, "summary": "User create Post Template", "date": "2022-01-04", "object": "Template", "type": "create", "success": true}}, {"model": "ActivityStream.activitystream", "pk": 223, "fields": {"context": "https://www.w3.org/ns/activitystreams", "actor": 4, "summary": "User create Post", "date": "2022-01-04", "object": "Post", "type": "create", "success": true}}, {"model": "ActivityStream.activitystream", "pk": 224, "fields": {"context": "https://www.w3.org/ns/activitystreams", "actor": 2, "summary": "User create Post", "date": "2022-01-04", "object": "Post", "type": "create", "success": false}}, {"model": "ActivityStream.activitystream", "pk": 225, "fields": {"context": "https://www.w3.org/ns/activitystreams", "actor": 2, "summary": "User create Post", "date": "2022-01-04", "object": "Post", "type": "create", "success": false}}, {"model": "ActivityStream.activitystream", "pk": 226, "fields": {"context": "https://www.w3.org/ns/activitystreams", "actor": 7, "summary": "User create Post", "date": "2022-01-04", "object": "Post", "type": "create", "success": true}}, {"model": "ActivityStream.activitystream", "pk": 227, "fields": {"context": "https://www.w3.org/ns/activitystreams", "actor": 4, "summary": "User create Post", "date": "2022-01-04", "object": "Post", "type": "create", "success": true}}, {"model": "ActivityStream.activitystream", "pk": 228, "fields": {"context": "https://www.w3.org/ns/activitystreams", "actor": 1, "summary": "User create Post", "date": "2022-01-04", "object": "Post", "type": "create", "success": true}}, {"model": "ActivityStream.activitystream", "pk": 229, "fields": {"context": "https://www.w3.org/ns/activitystreams", "actor": 6, "summary": "User search Post in Community", "date": "2022-01-04", "object": "Post", "type": "search", "success": true}}, {"model": "ActivityStream.activitystream", "pk": 230, "fields": {"context": "https://www.w3.org/ns/activitystreams", "actor": 6, "summary": "User search Post in Community", "date": "2022-01-04", "object": "Post", "type": "search", "success": true}}, {"model": "ActivityStream.activitystream", "pk": 231, "fields": {"context": "https://www.w3.org/ns/activitystreams", "actor": 2, "summary": "User create Post", "date": "2022-01-04", "object": "Post", "type": "create", "success": true}}, {"model": "ActivityStream.activitystream", "pk": 232, "fields": {"context": "https://www.w3.org/ns/activitystreams", "actor": 6, "summary": "User search Post in Community", "date": "2022-01-04", "object": "Post", "type": "search", "success": true}}, {"model": "ActivityStream.activitystream", "pk": 233, "fields": {"context": "https://www.w3.org/ns/activitystreams", "actor": 6, "summary": "User search Post in Community", "date": "2022-01-04", "object": "Post", "type": "search", "success": true}}, {"model": "ActivityStream.activitystream", "pk": 234, "fields": {"context": "https://www.w3.org/ns/activitystreams", "actor": 6, "summary": "User search Post in Community", "date": "2022-01-04", "object": "Post", "type": "search", "success": true}}, {"model": "ActivityStream.activitystream", "pk": 235, "fields": {"context": "https://www.w3.org/ns/activitystreams", "actor": 6, "summary": "User search Post in Community", "date": "2022-01-04", "object": "Post", "type": "search", "success": true}}, {"model": "ActivityStream.activitystream", "pk": 236, "fields": {"context": "https://www.w3.org/ns/activitystreams", "actor": 6, "summary": "User search Post in Community", "date": "2022-01-04", "object": "Post", "type": "search", "success": true}}, {"model": "ActivityStream.activitystream", "pk": 237, "fields": {"context": "https://www.w3.org/ns/activitystreams", "actor": 6, "summary": "User search Post in Community", "date": "2022-01-04", "object": "Post", "type": "search", "success": true}}, {"model": "ActivityStream.activitystream", "pk": 238, "fields": {"context": "https://www.w3.org/ns/activitystreams", "actor": 6, "summary": "User search Post in Community", "date": "2022-01-04", "object": "Post", "type": "search", "success": true}}, {"model": "ActivityStream.activitystream", "pk": 239, "fields": {"context": "https://www.w3.org/ns/activitystreams", "actor": 6, "summary": "User search Post in Community", "date": "2022-01-04", "object": "Post", "type": "search", "success": true}}, {"model": "ActivityStream.activitystream", "pk": 240, "fields": {"context": "https://www.w3.org/ns/activitystreams", "actor": 6, "summary": "User search Post in Community", "date": "2022-01-04", "object": "Post", "type": "search", "success": true}}, {"model": "ActivityStream.activitystream", "pk": 241, "fields": {"context": "https://www.w3.org/ns/activitystreams", "actor": 6, "summary": "User search Post in Community", "date": "2022-01-04", "object": "Post", "type": "search", "success": true}}, {"model": "ActivityStream.activitystream", "pk": 242, "fields": {"context": "https://www.w3.org/ns/activitystreams", "actor": 6, "summary": "User search Post in Community", "date": "2022-01-04", "object": "Post", "type": "search", "success": true}}, {"model": "ActivityStream.activitystream", "pk": 243, "fields": {"context": "https://www.w3.org/ns/activitystreams", "actor": 1, "summary": "User create Comment", "date": "2022-01-04", "object": "Comment", "type": "create", "success": true}}, {"model": "ActivityStream.activitystream", "pk": 244, "fields": {"context": "https://www.w3.org/ns/activitystreams", "actor": 4, "summary": "User create Post", "date": "2022-01-04", "object": "Post", "type": "create", "success": true}}, {"model": "ActivityStream.activitystream", "pk": 245, "fields": {"context": "https://www.w3.org/ns/activitystreams", "actor": 7, "summary": "User create Comment", "date": "2022-01-04", "object": "Comment", "type": "create", "success": false}}, {"model": "ActivityStream.activitystream", "pk": 246, "fields": {"context": "https://www.w3.org/ns/activitystreams", "actor": 1, "summary": "User create Comment", "date": "2022-01-04", "object": "Comment", "type": "create", "success": true}}, {"model": "ActivityStream.activitystream", "pk": 247, "fields": {"context": "https://www.w3.org/ns/activitystreams", "actor": 7, "summary": "User create Comment", "date": "2022-01-04", "object": "Comment", "type": "create", "success": false}}, {"model": "ActivityStream.activitystream", "pk": 248, "fields": {"context": "https://www.w3.org/ns/activitystreams", "actor": 4, "summary": "User create Comment", "date": "2022-01-04", "object": "Comment", "type": "create", "success": true}}, {"model": "ActivityStream.activitystream", "pk": 249, "fields": {"context": "https://www.w3.org/ns/activitystreams", "actor": 7, "summary": "User create Comment", "date": "2022-01-04", "object": "Comment", "type": "create", "success": false}}, {"model": "ActivityStream.activitystream", "pk": 250, "fields": {"context": "https://www.w3.org/ns/activitystreams", "actor": 7, "summary": "User create Comment", "date": "2022-01-04", "object": "Comment", "type": "create", "success": false}}, {"model": "ActivityStream.activitystream", "pk": 251, "fields": {"context": "https://www.w3.org/ns/activitystreams", "actor": 4, "summary": "User create Comment", "date": "2022-01-04", "object": "Comment", "type": "create", "success": true}}, {"model": "ActivityStream.activitystream", "pk": 252, "fields": {"context": "https://www.w3.org/ns/activitystreams", "actor": 4, "summary": "User create Comment", "date": "2022-01-04", "object": "Comment", "type": "create", "success": true}}, {"model": "ActivityStream.activitystream", "pk": 253, "fields": {"context": "https://www.w3.org/ns/activitystreams", "actor": 4, "summary": "User create Comment", "date": "2022-01-04", "object": "Comment", "type": "create", "success": true}}, {"model": "ActivityStream.activitystream", "pk": 254, "fields": {"context": "https://www.w3.org/ns/activitystreams", "actor": 4, "summary": "User create Comment", "date": "2022-01-04", "object": "Comment", "type": "create", "success": false}}, {"model": "ActivityStream.activitystream", "pk": 255, "fields": {"context": "https://www.w3.org/ns/activitystreams", "actor": 7, "summary": "User create Comment", "date": "2022-01-04", "object": "Comment", "type": "create", "success": true}}, {"model": "ActivityStream.activitystream", "pk": 256, "fields": {"context": "https://www.w3.org/ns/activitystreams", "actor": 4, "summary": "User create Comment", "date": "2022-01-04", "object": "Comment", "type": "create", "success": true}}, {"model": "ActivityStream.activitystream", "pk": 257, "fields": {"context": "https://www.w3.org/ns/activitystreams", "actor": 2, "summary": "User create Post", "date": "2022-01-04", "object": "Post", "type": "create", "success": true}}, {"model": "ActivityStream.activitystream", "pk": 258, "fields": {"context": "https://www.w3.org/ns/activitystreams", "actor": 6, "summary": "User tried log in", "date": "2022-01-04", "object": "Protopost", "type": "log in", "success": true}}, {"model": "ActivityStream.activitystream", "pk": 259, "fields": {"context": "https://www.w3.org/ns/activitystreams", "actor": 4, "summary": "User create Post", "date": "2022-01-04", "object": "Post", "type": "create", "success": false}}, {"model": "ActivityStream.activitystream", "pk": 260, "fields": {"context": "https://www.w3.org/ns/activitystreams", "actor": 4, "summary": "User create Post", "date": "2022-01-04", "object": "Post", "type": "create", "success": false}}, {"model": "ActivityStream.activitystream", "pk": 261, "fields": {"context": "https://www.w3.org/ns/activitystreams", "actor": 4, "summary": "User create Post", "date": "2022-01-04", "object": "Post", "type": "create", "success": false}}, {"model": "ActivityStream.activitystream", "pk": 262, "fields": {"context": "https://www.w3.org/ns/activitystreams", "actor": 4, "summary": "User create Post", "date": "2022-01-04", "object": "Post", "type": "create", "success": false}}, {"model": "ActivityStream.activitystream", "pk": 263, "fields": {"context": "https://www.w3.org/ns/activitystreams", "actor": 4, "summary": "User create Post", "date": "2022-01-04", "object": "Post", "type": "create", "success": false}}, {"model": "ActivityStream.activitystream", "pk": 264, "fields": {"context": "https://www.w3.org/ns/activitystreams", "actor": 1, "summary": "User create Post", "date": "2022-01-04", "object": "Post", "type": "create", "success": true}}, {"model": "ActivityStream.activitystream", "pk": 265, "fields": {"context": "https://www.w3.org/ns/activitystreams", "actor": 4, "summary": "User create Post", "date": "2022-01-04", "object": "Post", "type": "create", "success": false}}, {"model": "ActivityStream.activitystream", "pk": 266, "fields": {"context": "https://www.w3.org/ns/activitystreams", "actor": 6, "summary": "User search Post in Community", "date": "2022-01-04", "object": "Post", "type": "search", "success": true}}, {"model": "ActivityStream.activitystream", "pk": 267, "fields": {"context": "https://www.w3.org/ns/activitystreams", "actor": 6, "summary": "User search Post in Community", "date": "2022-01-04", "object": "Post", "type": "search", "success": true}}, {"model": "ActivityStream.activitystream", "pk": 268, "fields": {"context": "https://www.w3.org/ns/activitystreams", "actor": 6, "summary": "User search Post in Community", "date": "2022-01-04", "object": "Post", "type": "search", "success": true}}, {"model": "ActivityStream.activitystream", "pk": 269, "fields": {"context": "https://www.w3.org/ns/activitystreams", "actor": 6, "summary": "User search Post in Community", "date": "2022-01-04", "object": "Post", "type": "search", "success": true}}, {"model": "ActivityStream.activitystream", "pk": 270, "fields": {"context": "https://www.w3.org/ns/activitystreams", "actor": 6, "summary": "User search Post in Community", "date": "2022-01-04", "object": "Post", "type": "search", "success": true}}, {"model": "ActivityStream.activitystream", "pk": 271, "fields": {"context": "https://www.w3.org/ns/activitystreams", "actor": 6, "summary": "User search Post in Community", "date": "2022-01-04", "object": "Post", "type": "search", "success": true}}, {"model": "ActivityStream.activitystream", "pk": 272, "fields": {"context": "https://www.w3.org/ns/activitystreams", "actor": 6, "summary": "User search Post in Community", "date": "2022-01-04", "object": "Post", "type": "search", "success": true}}, {"model": "ActivityStream.activitystream", "pk": 273, "fields": {"context": "https://www.w3.org/ns/activitystreams", "actor": 6, "summary": "User search Post in Community", "date": "2022-01-04", "object": "Post", "type": "search", "success": true}}, {"model": "ActivityStream.activitystream", "pk": 274, "fields": {"context": "https://www.w3.org/ns/activitystreams", "actor": 1, "summary": "User create Post", "date": "2022-01-04", "object": "Post", "type": "create", "success": false}}, {"model": "ActivityStream.activitystream", "pk": 275, "fields": {"context": "https://www.w3.org/ns/activitystreams", "actor": 6, "summary": "User search Post in Community", "date": "2022-01-04", "object": "Post", "type": "search", "success": true}}, {"model": "ActivityStream.activitystream", "pk": 276, "fields": {"context": "https://www.w3.org/ns/activitystreams", "actor": 6, "summary": "User search Post in Community", "date": "2022-01-04", "object": "Post", "type": "search", "success": true}}, {"model": "ActivityStream.activitystream", "pk": 277, "fields": {"context": "https://www.w3.org/ns/activitystreams", "actor": 6, "summary": "User search Post in Community", "date": "2022-01-04", "object": "Post", "type": "search", "success": true}}, {"model": "ActivityStream.activitystream", "pk": 278, "fields": {"context": "https://www.w3.org/ns/activitystreams", "actor": 6, "summary": "User search Post in Community", "date": "2022-01-04", "object": "Post", "type": "search", "success": true}}, {"model": "ActivityStream.activitystream", "pk": 279, "fields": {"context": "https://www.w3.org/ns/activitystreams", "actor": 6, "summary": "User search Post in Community", "date": "2022-01-04", "object": "Post", "type": "search", "success": true}}, {"model": "ActivityStream.activitystream", "pk": 280, "fields": {"context": "https://www.w3.org/ns/activitystreams", "actor": 6, "summary": "User search Post in Community", "date": "2022-01-04", "object": "Post", "type": "search", "success": true}}, {"model": "ActivityStream.activitystream", "pk": 281, "fields": {"context": "https://www.w3.org/ns/activitystreams", "actor": 6, "summary": "User search Post in Community", "date": "2022-01-04", "object": "Post", "type": "search", "success": true}}, {"model": "ActivityStream.activitystream", "pk": 282, "fields": {"context": "https://www.w3.org/ns/activitystreams", "actor": 6, "summary": "User search Post in Community", "date": "2022-01-04", "object": "Post", "type": "search", "success": true}}, {"model": "ActivityStream.activitystream", "pk": 283, "fields": {"context": "https://www.w3.org/ns/activitystreams", "actor": 6, "summary": "User search Post in Community", "date": "2022-01-04", "object": "Post", "type": "search", "success": true}}, {"model": "ActivityStream.activitystream", "pk": 284, "fields": {"context": "https://www.w3.org/ns/activitystreams", "actor": 4, "summary": "User create Post", "date": "2022-01-04", "object": "Post", "type": "create", "success": false}}, {"model": "ActivityStream.activitystream", "pk": 285, "fields": {"context": "https://www.w3.org/ns/activitystreams", "actor": 6, "summary": "User search Post in Community", "date": "2022-01-04", "object": "Post", "type": "search", "success": true}}, {"model": "ActivityStream.activitystream", "pk": 286, "fields": {"context": "https://www.w3.org/ns/activitystreams", "actor": 6, "summary": "User search Post in Community", "date": "2022-01-04", "object": "Post", "type": "search", "success": true}}, {"model": "ActivityStream.activitystream", "pk": 287, "fields": {"context": "https://www.w3.org/ns/activitystreams", "actor": 6, "summary": "User search Post in Community", "date": "2022-01-04", "object": "Post", "type": "search", "success": true}}, {"model": "ActivityStream.activitystream", "pk": 288, "fields": {"context": "https://www.w3.org/ns/activitystreams", "actor": 1, "summary": "User create Post", "date": "2022-01-04", "object": "Post", "type": "create", "success": true}}, {"model": "ActivityStream.activitystream", "pk": 289, "fields": {"context": "https://www.w3.org/ns/activitystreams", "actor": 6, "summary": "User search Post in Community", "date": "2022-01-04", "object": "Post", "type": "search", "success": true}}, {"model": "ActivityStream.activitystream", "pk": 290, "fields": {"context": "https://www.w3.org/ns/activitystreams", "actor": 6, "summary": "User search Post in Community", "date": "2022-01-04", "object": "Post", "type": "search", "success": true}}, {"model": "ActivityStream.activitystream", "pk": 291, "fields": {"context": "https://www.w3.org/ns/activitystreams", "actor": 4, "summary": "User create Post", "date": "2022-01-04", "object": "Post", "type": "create", "success": false}}, {"model": "ActivityStream.activitystream", "pk": 292, "fields": {"context": "https://www.w3.org/ns/activitystreams", "actor": 6, "summary": "User search Post in Community", "date": "2022-01-04", "object": "Post", "type": "search", "success": true}}, {"model": "ActivityStream.activitystream", "pk": 293, "fields": {"context": "https://www.w3.org/ns/activitystreams", "actor": 4, "summary": "User create Post", "date": "2022-01-04", "object": "Post", "type": "create", "success": true}}, {"model": "ActivityStream.activitystream", "pk": 294, "fields": {"context": "https://www.w3.org/ns/activitystreams", "actor": 1, "summary": "User Delete Post", "date": "2022-01-04", "object": "Post", "type": "delete", "success": true}}, {"model": "ActivityStream.activitystream", "pk": 295, "fields": {"context": "https://www.w3.org/ns/activitystreams", "actor": 4, "summary": "User Delete Post", "date": "2022-01-04", "object": "Post", "type": "delete", "success": true}}, {"model": "ActivityStream.activitystream", "pk": 296, "fields": {"context": "https://www.w3.org/ns/activitystreams", "actor": 7, "summary": "User create Post", "date": "2022-01-04", "object": "Post", "type": "create", "success": true}}, {"model": "ActivityStream.activitystream", "pk": 297, "fields": {"context": "https://www.w3.org/ns/activitystreams", "actor": null, "summary": "User tried log in", "date": "2022-01-04", "object": "Protopost", "type": "log in", "success": true}}, {"model": "ActivityStream.activitystream", "pk": 298, "fields": {"context": "https://www.w3.org/ns/activitystreams", "actor": 4, "summary": "User create Post", "date": "2022-01-04", "object": "Post", "type": "create", "success": false}}, {"model": "ActivityStream.activitystream", "pk": 299, "fields": {"context": "https://www.w3.org/ns/activitystreams", "actor": 4, "summary": "User create Post", "date": "2022-01-04", "object": "Post", "type": "create", "success": false}}, {"model": "ActivityStream.activitystream", "pk": 300, "fields": {"context": "https://www.w3.org/ns/activitystreams", "actor": 1, "summary": "User create Post", "date": "2022-01-04", "object": "Post", "type": "create", "success": false}}, {"model": "ActivityStream.activitystream", "pk": 301, "fields": {"context": "https://www.w3.org/ns/activitystreams", "actor": 4, "summary": "User create Post", "date": "2022-01-04", "object": "Post", "type": "create", "success": false}}, {"model": "ActivityStream.activitystream", "pk": 302, "fields": {"context": "https://www.w3.org/ns/activitystreams", "actor": 4, "summary": "User create Post", "date": "2022-01-04", "object": "Post", "type": "create", "success": false}}, {"model": "ActivityStream.activitystream", "pk": 303, "fields": {"context": "https://www.w3.org/ns/activitystreams", "actor": 7, "summary": "User create Post", "date": "2022-01-04", "object": "Post", "type": "create", "success": true}}, {"model": "ActivityStream.activitystream", "pk": 304, "fields": {"context": "https://www.w3.org/ns/activitystreams", "actor": 4, "summary": "User create Post", "date": "2022-01-04", "object": "Post", "type": "create", "success": false}}, {"model": "ActivityStream.activitystream", "pk": 305, "fields": {"context": "https://www.w3.org/ns/activitystreams", "actor": 4, "summary": "User create Post", "date": "2022-01-04", "object": "Post", "type": "create", "success": false}}, {"model": "ActivityStream.activitystream", "pk": 306, "fields": {"context": "https://www.w3.org/ns/activitystreams", "actor": 1, "summary": "User create Post", "date": "2022-01-04", "object": "Post", "type": "create", "success": false}}, {"model": "ActivityStream.activitystream", "pk": 307, "fields": {"context": "https://www.w3.org/ns/activitystreams", "actor": 4, "summary": "User create Post", "date": "2022-01-04", "object": "Post", "type": "create", "success": false}}, {"model": "ActivityStream.activitystream", "pk": 308, "fields": {"context": "https://www.w3.org/ns/activitystreams", "actor": 4, "summary": "User create Post", "date": "2022-01-04", "object": "Post", "type": "create", "success": false}}, {"model": "ActivityStream.activitystream", "pk": 309, "fields": {"context": "https://www.w3.org/ns/activitystreams", "actor": 4, "summary": "User create Post", "date": "2022-01-04", "object": "Post", "type": "create", "success": false}}, {"model": "ActivityStream.activitystream", "pk": 310, "fields": {"context": "https://www.w3.org/ns/activitystreams", "actor": 2, "summary": "User create Comment", "date": "2022-01-04", "object": "Comment", "type": "create", "success": true}}, {"model": "ActivityStream.activitystream", "pk": 311, "fields": {"context": "https://www.w3.org/ns/activitystreams", "actor": 4, "summary": "User create Post", "date": "2022-01-04", "object": "Post", "type": "create", "success": false}}, {"model": "ActivityStream.activitystream", "pk": 312, "fields": {"context": "https://www.w3.org/ns/activitystreams", "actor": 4, "summary": "User create Post", "date": "2022-01-04", "object": "Post", "type": "create", "success": false}}, {"model": "ActivityStream.activitystream", "pk": 313, "fields": {"context": "https://www.w3.org/ns/activitystreams", "actor": 7, "summary": "User Delete Post", "date": "2022-01-04", "object": "Post", "type": "delete", "success": true}}, {"model": "ActivityStream.activitystream", "pk": 314, "fields": {"context": "https://www.w3.org/ns/activitystreams", "actor": 4, "summary": "User create Post", "date": "2022-01-04", "object": "Post", "type": "create", "success": true}}, {"model": "ActivityStream.activitystream", "pk": 315, "fields": {"context": "https://www.w3.org/ns/activitystreams", "actor": 2, "summary": "User create Comment", "date": "2022-01-04", "object": "Comment", "type": "create", "success": true}}, {"model": "ActivityStream.activitystream", "pk": 316, "fields": {"context": "https://www.w3.org/ns/activitystreams", "actor": 3, "summary": "User create Post", "date": "2022-01-04", "object": "Post", "type": "create", "success": false}}, {"model": "ActivityStream.activitystream", "pk": 317, "fields": {"context": "https://www.w3.org/ns/activitystreams", "actor": 1, "summary": "User create Post", "date": "2022-01-04", "object": "Post", "type": "create", "success": true}}, {"model": "ActivityStream.activitystream", "pk": 318, "fields": {"context": "https://www.w3.org/ns/activitystreams", "actor": 7, "summary": "User Delete Post", "date": "2022-01-04", "object": "Post", "type": "delete", "success": true}}, {"model": "ActivityStream.activitystream", "pk": 319, "fields": {"context": "https://www.w3.org/ns/activitystreams", "actor": 3, "summary": "User create Post", "date": "2022-01-04", "object": "Post", "type": "create", "success": false}}, {"model": "ActivityStream.activitystream", "pk": 320, "fields": {"context": "https://www.w3.org/ns/activitystreams", "actor": 7, "summary": "User create Post", "date": "2022-01-04", "object": "Post", "type": "create", "success": true}}, {"model": "ActivityStream.activitystream", "pk": 321, "fields": {"context": "https://www.w3.org/ns/activitystreams", "actor": 4, "summary": "User create Post", "date": "2022-01-04", "object": "Post", "type": "create", "success": true}}, {"model": "ActivityStream.activitystream", "pk": 322, "fields": {"context": "https://www.w3.org/ns/activitystreams", "actor": 4, "summary": "User Delete Post", "date": "2022-01-04", "object": "Post", "type": "delete", "success": true}}, {"model": "ActivityStream.activitystream", "pk": 323, "fields": {"context": "https://www.w3.org/ns/activitystreams", "actor": 6, "summary": "User tried log in", "date": "2022-01-04", "object": "Protopost", "type": "log in", "success": true}}, {"model": "ActivityStream.activitystream", "pk": 324, "fields": {"context": "https://www.w3.org/ns/activitystreams", "actor": 3, "summary": "User create Post", "date": "2022-01-04", "object": "Post", "type": "create", "success": false}}, {"model": "ActivityStream.activitystream", "pk": 325, "fields": {"context": "https://www.w3.org/ns/activitystreams", "actor": 3, "summary": "User create Post", "date": "2022-01-04", "object": "Post", "type": "create", "success": false}}, {"model": "ActivityStream.activitystream", "pk": 326, "fields": {"context": "https://www.w3.org/ns/activitystreams", "actor": 3, "summary": "User create Post", "date": "2022-01-04", "object": "Post", "type": "create", "success": false}}, {"model": "ActivityStream.activitystream", "pk": 327, "fields": {"context": "https://www.w3.org/ns/activitystreams", "actor": null, "summary": "User tried log in", "date": "2022-01-04", "object": "Protopost", "type": "log in", "success": true}}, {"model": "ActivityStream.activitystream", "pk": 328, "fields": {"context": "https://www.w3.org/ns/activitystreams", "actor": 6, "summary": "User tried log in", "date": "2022-01-04", "object": "Protopost", "type": "log in", "success": true}}, {"model": "ActivityStream.activitystream", "pk": 329, "fields": {"context": "https://www.w3.org/ns/activitystreams", "actor": 2, "summary": "User create Post", "date": "2022-01-04", "object": "Post", "type": "create", "success": true}}, {"model": "ActivityStream.activitystream", "pk": 330, "fields": {"context": "https://www.w3.org/ns/activitystreams", "actor": 2, "summary": "User Delete Post", "date": "2022-01-04", "object": "Post", "type": "delete", "success": true}}, {"model": "ActivityStream.activitystream", "pk": 331, "fields": {"context": "https://www.w3.org/ns/activitystreams", "actor": 2, "summary": "User create Post", "date": "2022-01-04", "object": "Post", "type": "create", "success": true}}, {"model": "ActivityStream.activitystream", "pk": 332, "fields": {"context": "https://www.w3.org/ns/activitystreams", "actor": 2, "summary": "User create Comment", "date": "2022-01-04", "object": "Comment", "type": "create", "success": true}}, {"model": "ActivityStream.activitystream", "pk": 333, "fields": {"context": "https://www.w3.org/ns/activitystreams", "actor": 2, "summary": "User create Comment", "date": "2022-01-04", "object": "Comment", "type": "create", "success": true}}, {"model": "ActivityStream.activitystream", "pk": 334, "fields": {"context": "https://www.w3.org/ns/activitystreams", "actor": 6, "summary": "User tried log in", "date": "2022-01-04", "object": "Protopost", "type": "log in", "success": true}}, {"model": "ActivityStream.activitystream", "pk": 335, "fields": {"context": "https://www.w3.org/ns/activitystreams", "actor": 6, "summary": "User create Post", "date": "2022-01-04", "object": "Post", "type": "create", "success": true}}, {"model": "ActivityStream.activitystream", "pk": 336, "fields": {"context": "https://www.w3.org/ns/activitystreams", "actor": 6, "summary": "User search Post in Community", "date": "2022-01-04", "object": "Post", "type": "search", "success": true}}, {"model": "ActivityStream.activitystream", "pk": 337, "fields": {"context": "https://www.w3.org/ns/activitystreams", "actor": 6, "summary": "User search Post in Community", "date": "2022-01-04", "object": "Post", "type": "search", "success": true}}, {"model": "ActivityStream.activitystream", "pk": 338, "fields": {"context": "https://www.w3.org/ns/activitystreams", "actor": 6, "summary": "User search Post in Community", "date": "2022-01-04", "object": "Post", "type": "search", "success": true}}, {"model": "ActivityStream.activitystream", "pk": 339, "fields": {"context": "https://www.w3.org/ns/activitystreams", "actor": 6, "summary": "User search Post in Community", "date": "2022-01-04", "object": "Post", "type": "search", "success": true}}, {"model": "ActivityStream.activitystream", "pk": 340, "fields": {"context": "https://www.w3.org/ns/activitystreams", "actor": 6, "summary": "User search Post in Community", "date": "2022-01-04", "object": "Post", "type": "search", "success": true}}, {"model": "ActivityStream.activitystream", "pk": 341, "fields": {"context": "https://www.w3.org/ns/activitystreams", "actor": 6, "summary": "User search Post in Community", "date": "2022-01-04", "object": "Post", "type": "search", "success": true}}, {"model": "ActivityStream.activitystream", "pk": 342, "fields": {"context": "https://www.w3.org/ns/activitystreams", "actor": 6, "summary": "User search Post in Community", "date": "2022-01-04", "object": "Post", "type": "search", "success": true}}, {"model": "ActivityStream.activitystream", "pk": 343, "fields": {"context": "https://www.w3.org/ns/activitystreams", "actor": 6, "summary": "User search Post in Community", "date": "2022-01-04", "object": "Post", "type": "search", "success": true}}, {"model": "ActivityStream.activitystream", "pk": 344, "fields": {"context": "https://www.w3.org/ns/activitystreams", "actor": 6, "summary": "User search Post in Community", "date": "2022-01-04", "object": "Post", "type": "search", "success": true}}, {"model": "ActivityStream.activitystream", "pk": 345, "fields": {"context": "https://www.w3.org/ns/activitystreams", "actor": 6, "summary": "User search Post in Community", "date": "2022-01-04", "object": "Post", "type": "search", "success": true}}, {"model": "ActivityStream.activitystream", "pk": 346, "fields": {"context": "https://www.w3.org/ns/activitystreams", "actor": 6, "summary": "User search Post in Community", "date": "2022-01-04", "object": "Post", "type": "search", "success": true}}, {"model": "ActivityStream.activitystream", "pk": 347, "fields": {"context": "https://www.w3.org/ns/activitystreams", "actor": 6, "summary": "User search Post in Community", "date": "2022-01-04", "object": "Post", "type": "search", "success": true}}, {"model": "ActivityStream.activitystream", "pk": 348, "fields": {"context": "https://www.w3.org/ns/activitystreams", "actor": 6, "summary": "User search Post in Community", "date": "2022-01-04", "object": "Post", "type": "search", "success": true}}, {"model": "ActivityStream.activitystream", "pk": 349, "fields": {"context": "https://www.w3.org/ns/activitystreams", "actor": 6, "summary": "User search Post in Community", "date": "2022-01-04", "object": "Post", "type": "search", "success": true}}, {"model": "ActivityStream.activitystream", "pk": 350, "fields": {"context": "https://www.w3.org/ns/activitystreams", "actor": 6, "summary": "User search Post in Community", "date": "2022-01-04", "object": "Post", "type": "search", "success": true}}, {"model": "ActivityStream.activitystream", "pk": 351, "fields": {"context": "https://www.w3.org/ns/activitystreams", "actor": 6, "summary": "User search Post in Community", "date": "2022-01-04", "object": "Post", "type": "search", "success": true}}, {"model": "ActivityStream.activitystream", "pk": 352, "fields": {"context": "https://www.w3.org/ns/activitystreams", "actor": 6, "summary": "User search Post in Community", "date": "2022-01-04", "object": "Post", "type": "search", "success": true}}, {"model": "ActivityStream.activitystream", "pk": 353, "fields": {"context": "https://www.w3.org/ns/activitystreams", "actor": 6, "summary": "User search Post in Community", "date": "2022-01-04", "object": "Post", "type": "search", "success": true}}, {"model": "ActivityStream.activitystream", "pk": 354, "fields": {"context": "https://www.w3.org/ns/activitystreams", "actor": 6, "summary": "User search Post in Community", "date": "2022-01-04", "object": "Post", "type": "search", "success": true}}, {"model": "ActivityStream.activitystream", "pk": 355, "fields": {"context": "https://www.w3.org/ns/activitystreams", "actor": 6, "summary": "User search Post in Community", "date": "2022-01-04", "object": "Post", "type": "search", "success": true}}, {"model": "ActivityStream.activitystream", "pk": 356, "fields": {"context": "https://www.w3.org/ns/activitystreams", "actor": 6, "summary": "User search Post in Community", "date": "2022-01-04", "object": "Post", "type": "search", "success": true}}, {"model": "ActivityStream.activitystream", "pk": 357, "fields": {"context": "https://www.w3.org/ns/activitystreams", "actor": 6, "summary": "User search Post in Community", "date": "2022-01-04", "object": "Post", "type": "search", "success": true}}, {"model": "ActivityStream.activitystream", "pk": 358, "fields": {"context": "https://www.w3.org/ns/activitystreams", "actor": 6, "summary": "User search Post in Community", "date": "2022-01-04", "object": "Post", "type": "search", "success": true}}, {"model": "ActivityStream.activitystream", "pk": 359, "fields": {"context": "https://www.w3.org/ns/activitystreams", "actor": 6, "summary": "User search Post in Community", "date": "2022-01-04", "object": "Post", "type": "search", "success": true}}, {"model": "ActivityStream.activitystream", "pk": 360, "fields": {"context": "https://www.w3.org/ns/activitystreams", "actor": 6, "summary": "User search Post in Community", "date": "2022-01-04", "object": "Post", "type": "search", "success": true}}, {"model": "ActivityStream.activitystream", "pk": 361, "fields": {"context": "https://www.w3.org/ns/activitystreams", "actor": 6, "summary": "User Delete Post", "date": "2022-01-04", "object": "Post", "type": "delete", "success": true}}, {"model": "ActivityStream.activitystream", "pk": 362, "fields": {"context": "https://www.w3.org/ns/activitystreams", "actor": null, "summary": "New User registers", "date": "2022-01-04", "object": "Protopost", "type": "register", "success": false}}, {"model": "ActivityStream.activitystream", "pk": 363, "fields": {"context": "https://www.w3.org/ns/activitystreams", "actor": null, "summary": "User tried log in", "date": "2022-01-04", "object": "Protopost", "type": "log in", "success": false}}, {"model": "ActivityStream.activitystream", "pk": 364, "fields": {"context": "https://www.w3.org/ns/activitystreams", "actor": null, "summary": "New User registers", "date": "2022-01-04", "object": "Protopost", "type": "register", "success": true}}, {"model": "ActivityStream.activitystream", "pk": 365, "fields": {"context": "https://www.w3.org/ns/activitystreams", "actor": null, "summary": "User tried log in", "date": "2022-01-04", "object": "Protopost", "type": "log in", "success": true}}, {"model": "ActivityStream.activitystream", "pk": 366, "fields": {"context": "https://www.w3.org/ns/activitystreams", "actor": null, "summary": "User tried log in", "date": "2022-01-07", "object": "Protopost", "type": "log in", "success": true}}, {"model": "ActivityStream.activitystream", "pk": 367, "fields": {"context": "https://www.w3.org/ns/activitystreams", "actor": null, "summary": "User tried log in", "date": "2022-01-07", "object": "Protopost", "type": "log in", "success": true}}, {"model": "ActivityStream.activitystream", "pk": 368, "fields": {"context": "https://www.w3.org/ns/activitystreams", "actor": null, "summary": "New User registers", "date": "2022-01-07", "object": "Protopost", "type": "register", "success": true}}, {"model": "ActivityStream.activitystream", "pk": 369, "fields": {"context": "https://www.w3.org/ns/activitystreams", "actor": null, "summary": "User tried log in", "date": "2022-01-07", "object": "Protopost", "type": "log in", "success": true}}, {"model": "ActivityStream.activitystream", "pk": 370, "fields": {"context": "https://www.w3.org/ns/activitystreams", "actor": null, "summary": "User tried log in", "date": "2022-01-07", "object": "Protopost", "type": "log in", "success": true}}, {"model": "ActivityStream.activitystream", "pk": 371, "fields": {"context": "https://www.w3.org/ns/activitystreams", "actor": null, "summary": "User tried log in", "date": "2022-01-07", "object": "Protopost", "type": "log in", "success": false}}, {"model": "auth.user", "pk": 1, "fields": {"password": "pbkdf2_sha256$260000$0hDu7boxmgYseubPEh0jyZ$XpdiO7kXi7e5GyW2oBOeaBJTi5Xnns1EDBupX6KAQsc=", "last_login": null, "is_superuser": false, "username": "gktpmuhammed", "first_name": "", "last_name": "", "email": "gktp@hotmail.com", "is_staff": false, "is_active": true, "date_joined": "2022-01-03T20:38:04.669Z", "groups": [], "user_permissions": []}}, {"model": "auth.user", "pk": 2, "fields": {"password": "pbkdf2_sha256$260000$6FnxfGLuqWLAiSANc3sBw6$OZLyMj5Cg5VZAqKESy15Cy1HYRRtR3KMSqyQBvBIXQo=", "last_login": null, "is_superuser": false, "username": "emir.oztoprak", "first_name": "", "last_name": "", "email": "emir.oztoprak12345@gmail.com", "is_staff": false, "is_active": true, "date_joined": "2022-01-03T20:59:05.198Z", "groups": [], "user_permissions": []}}, {"model": "auth.user", "pk": 3, "fields": {"password": "pbkdf2_sha256$260000$bKXmA25BEKSHdkeDgLG6XM$u2i6Oj+eZ4rXtXu2XdItJRM1uKENw8U8X/uAvVbIOwk=", "last_login": null, "is_superuser": false, "username": "john", "first_name": "", "last_name": "", "email": "ex@gmail.com", "is_staff": false, "is_active": true, "date_joined": "2022-01-03T20:59:17.282Z", "groups": [], "user_permissions": []}}, {"model": "auth.user", "pk": 4, "fields": {"password": "pbkdf2_sha256$260000$u99rDNhVFaScLNTt3OFt3x$FHvg1mD/iXXGBnaFhyNooVOlo+5YAPFGkkhNto68iZU=", "last_login": null, "is_superuser": false, "username": "bilaltekin", "first_name": "", "last_name": "", "email": "4teko7@gmail.com", "is_staff": false, "is_active": true, "date_joined": "2022-01-03T21:44:16.798Z", "groups": [], "user_permissions": []}}, {"model": "auth.user", "pk": 5, "fields": {"password": "pbkdf2_sha256$260000$n0Y7genWahMEBLIaDUp4Jo$aWM+UWCn8Qk0S8U/rAb3S4kfGWZCUBoXoL4foxrxxbM=", "last_login": null, "is_superuser": false, "username": "elxif", "first_name": "", "last_name": "", "email": "elifnurakalin@gmail.com", "is_staff": false, "is_active": true, "date_joined": "2022-01-03T22:04:26.889Z", "groups": [], "user_permissions": []}}, {"model": "auth.user", "pk": 6, "fields": {"password": "pbkdf2_sha256$260000$soYGHGaFwVsFLUTA83I9LF$vWByemhC4JmnoobSDb9aKSj5ISTnqKz+jGdGbVL/bu4=", "last_login": null, "is_superuser": false, "username": "yunus", "first_name": "", "last_name": "", "email": "yunusemr@gmail.com", "is_staff": false, "is_active": true, "date_joined": "2022-01-04T09:04:19.749Z", "groups": [], "user_permissions": []}}, {"model": "auth.user", "pk": 7, "fields": {"password": "pbkdf2_sha256$260000$lkgrXRGszPQLOHkmXbdHQO$qrvIjcgtNYlWttGs2GozL9o6BqpNYBIVXd3AcfP6vTQ=", "last_login": null, "is_superuser": false, "username": "EmrahD", "first_name": "", "last_name": "", "email": "emrahd@gmail.com", "is_staff": false, "is_active": true, "date_joined": "2022-01-04T10:28:15.864Z", "groups": [], "user_permissions": []}}, {"model": "auth.user", "pk": 8, "fields": {"password": "pbkdf2_sha256$260000$va5z2UbVNiSTKJOy32O65g$rkdCt/1s5a56ZC3wRHhUzDnBMTvlhKIYaU57YeIC4m4=", "last_login": null, "is_superuser": false, "username": "qwe", "first_name": "", "last_name": "", "email": "a@hotmail.com", "is_staff": false, "is_active": true, "date_joined": "2022-01-04T11:58:02.675Z", "groups": [], "user_permissions": []}}, {"model": "auth.user", "pk": 9, "fields": {"password": "pbkdf2_sha256$260000$pE6IPkYdOIp4YnWqxAMqo6$JKiKHbsrh8rs15bRdG0FGdIEeK/zxtyhnL3TQVmDK58=", "last_login": null, "is_superuser": false, "username": "yunusemre", "first_name": "", "last_name": "", "email": "yunustopal20@gmail.com", "is_staff": false, "is_active": true, "date_joined": "2022-01-07T14:52:42.291Z", "groups": [], "user_permissions": []}}, {"model": "authtoken.token", "pk": "08f58a4821bf5229236e05bb290ae615d2931d79", "fields": {"user": 3, "created": "2022-01-03T20:59:17.468Z"}}, {"model": "authtoken.token", "pk": "0e0f2bbfe4987c66e10ae350b55dc33796a58508", "fields": {"user": 4, "created": "2022-01-03T21:44:16.985Z"}}, {"model": "authtoken.token", "pk": "19e04ef495c2b45c36e39f95f2046ca05066e29d", "fields": {"user": 8, "created": "2022-01-04T11:58:02.860Z"}}, {"model": "authtoken.token", "pk": "2f699a342c8a8886d48a657d2a5a0056a05a4170", "fields": {"user": 2, "created": "2022-01-03T20:59:05.386Z"}}, {"model": "authtoken.token", "pk": "35cb61a120e084b35886c52f811ae6d31a2d3423", "fields": {"user": 1, "created": "2022-01-03T20:38:04.859Z"}}, {"model": "authtoken.token", "pk": "56a1188e5fb6cebb6a3366a7dfa23e87ccef4294", "fields": {"user": 5, "created": "2022-01-03T22:04:27.097Z"}}, {"model": "authtoken.token", "pk": "6a0e3088515d715591cc865fdd9f9980e88a7fd9", "fields": {"user": 6, "created": "2022-01-04T09:04:19.936Z"}}, {"model": "authtoken.token", "pk": "a11e6eb9a9f161e4ddbcdbaf6b0e80b9b0518aa3", "fields": {"user": 9, "created": "2022-01-07T14:52:42.479Z"}}, {"model": "authtoken.token", "pk": "e4e670527406c4c5c7aa83fb440fa2e8f5b364ed", "fields": {"user": 7, "created": "2022-01-04T10:28:16.052Z"}}]